date,symbol,session,ticket,module,reason,entry_time,direction,entry,stop,blocked_by,raid_level,iof_state,iof_confidence,origin_pd_array,R,R_gross,exit,risk_pts,cost_R,fingerprint,gates,features
2025-08-25,US500,london,False,,insufficient_history_or_bars,,,,,,,,,,,,,,,,,
2025-08-25,US500,ny_am,False,,insufficient_history_or_bars,,,,,,,,,,,,,,,,,
2025-08-26,US500,london,False,,insufficient_history_or_bars,,,,,,,,,,,,,,,,,
2025-08-26,US500,ny_am,False,,insufficient_history_or_bars,,,,,,,,,,,,,,,,,
2025-08-27,US500,london,False,,insufficient_history_or_bars,,,,,,,,,,,,,,,,,
2025-08-27,US500,ny_am,False,,insufficient_history_or_bars,,,,,,,,,,,,,,,,,
2025-08-28,US500,london,False,,insufficient_history_or_bars,,,,,,,,,,,,,,,,,
2025-08-28,US500,ny_am,False,,insufficient_history_or_bars,,,,,,,,,,,,,,,,,
2025-08-29,US500,london,False,,insufficient_history_or_bars,,,,,,,,,,,,,,,,,
2025-08-29,US500,ny_am,False,,insufficient_history_or_bars,,,,,,,,,,,,,,,,,
2025-09-02,US500,london,False,,insufficient_history_or_bars,,,,,,,,,,,,,,,,,
2025-09-02,US500,ny_am,False,,insufficient_history_or_bars,,,,,,,,,,,,,,,,,
2025-09-03,US500,london,False,,insufficient_history_or_bars,,,,,,,,,,,,,,,,,
2025-09-03,US500,ny_am,False,,insufficient_history_or_bars,,,,,,,,,,,,,,,,,
2025-09-04,US500,london,False,,insufficient_history_or_bars,,,,,,,,,,,,,,,,,
2025-09-04,US500,ny_am,False,,insufficient_history_or_bars,,,,,,,,,,,,,,,,,
2025-09-05,US500,london,False,,insufficient_history_or_bars,,,,,,,,,,,,,,,,,
2025-09-05,US500,ny_am,False,,insufficient_history_or_bars,,,,,,,,,,,,,,,,,
2025-09-08,US500,london,False,,insufficient_history_or_bars,,,,,,,,,,,,,,,,,
2025-09-08,US500,ny_am,False,,insufficient_history_or_bars,,,,,,,,,,,,,,,,,
2025-09-09,US500,london,False,,insufficient_history_or_bars,,,,,,,,,,,,,,,,,
2025-09-09,US500,ny_am,False,,insufficient_history_or_bars,,,,,,,,,,,,,,,,,
2025-09-10,US500,london,False,,insufficient_history_or_bars,,,,,,,,,,,,,,,,,
2025-09-10,US500,ny_am,False,,insufficient_history_or_bars,,,,,,,,,,,,,,,,,
2025-09-11,US500,london,False,,insufficient_history_or_bars,,,,,,,,,,,,,,,,,
2025-09-11,US500,ny_am,False,,insufficient_history_or_bars,,,,,,,,,,,,,,,,,
2025-09-12,US500,london,False,,insufficient_history_or_bars,,,,,,,,,,,,,,,,,
2025-09-12,US500,ny_am,False,,insufficient_history_or_bars,,,,,,,,,,,,,,,,,
2025-09-15,US500,london,False,,insufficient_history_or_bars,,,,,,,,,,,,,,,,,
2025-09-15,US500,ny_am,False,,insufficient_history_or_bars,,,,,,,,,,,,,,,,,
2025-09-16,US500,london,False,,insufficient_history_or_bars,,,,,,,,,,,,,,,,,
2025-09-16,US500,ny_am,False,,insufficient_history_or_bars,,,,,,,,,,,,,,,,,
2025-09-17,US500,london,False,,insufficient_history_or_bars,,,,,,,,,,,,,,,,,
2025-09-17,US500,ny_am,False,,insufficient_history_or_bars,,,,,,,,,,,,,,,,,
2025-09-18,US500,london,False,,insufficient_history_or_bars,,,,,,,,,,,,,,,,,
2025-09-18,US500,ny_am,False,,insufficient_history_or_bars,,,,,,,,,,,,,,,,,
2025-09-19,US500,london,False,,insufficient_history_or_bars,,,,,,,,,,,,,,,,,
2025-09-19,US500,ny_am,False,,insufficient_history_or_bars,,,,,,,,,,,,,,,,,
2025-09-22,US500,london,False,,insufficient_history_or_bars,,,,,,,,,,,,,,,,,
2025-09-22,US500,ny_am,False,,insufficient_history_or_bars,,,,,,,,,,,,,,,,,
2025-09-23,US500,london,False,,insufficient_history_or_bars,,,,,,,,,,,,,,,,,
2025-09-23,US500,ny_am,False,,insufficient_history_or_bars,,,,,,,,,,,,,,,,,
2025-09-24,US500,london,False,,insufficient_history_or_bars,,,,,,,,,,,,,,,,,
2025-09-24,US500,ny_am,False,,insufficient_history_or_bars,,,,,,,,,,,,,,,,,
2025-09-25,US500,london,False,,no_selected_candidate,,,,,,,,,,,,,,,,,
2025-09-25,US500,ny_am,False,,no_selected_candidate,,,,,,,,,,,,,,,,,
2025-09-26,US500,london,False,,no_selected_candidate,,,,,,,,,,,,,,,,,
2025-09-26,US500,ny_am,False,,no_selected_candidate,,,,,,,,,,,,,,,,,
2025-09-29,US500,london,True,REV,named_extreme_raid+htf_pd+mss,2025-09-29T02:15:00,bearish,6664.742,6649.051,risk:stop_not_protective,pdh,bullish,qualified,D_FVG_bull_2025-09-12,,,,,,sha256:defcb8b0eb5a81c8,kernel_ticket:pass:kernel_session_ticket|direction:pass:determined|risk:FAIL:stop_not_protective|allowlist:FAIL:not_on_mint_allowlist|mode:pass:paper|contract:FAIL:hermes_integration_i0_ftn_never_actionable,
2025-09-29,US500,ny_am,True,REV,named_extreme_raid+htf_pd+mss,2025-09-29T07:15:00,bearish,6672.748,6649.051,risk:stop_not_protective,pdh,bullish,aligned,D_FVG_bull_2025-09-12,,,,,,sha256:4968650804e57cd7,kernel_ticket:pass:kernel_session_ticket|direction:pass:determined|risk:FAIL:stop_not_protective|allowlist:FAIL:not_on_mint_allowlist|mode:pass:paper|contract:FAIL:hermes_integration_i0_ftn_never_actionable,
2025-09-30,US500,london,True,REV,named_extreme_raid+htf_pd+mss,2025-09-30T04:00:00,bullish,6649.954,6643.951,allowlist:not_on_mint_allowlist,pdl,bullish,qualified,D_FVG_bull_2025-09-12,,,,,,sha256:0485caa712d61fba,kernel_ticket:pass:kernel_session_ticket|direction:pass:determined|risk:pass:within_caps|allowlist:FAIL:not_on_mint_allowlist|mode:pass:paper|contract:FAIL:hermes_integration_i0_ftn_never_actionable,
2025-09-30,US500,ny_am,True,REV,named_extreme_raid+htf_pd+mss,2025-09-30T10:00:00,bullish,6655.533,6643.951,allowlist:not_on_mint_allowlist,pdl,bullish,qualified,D_FVG_bull_2025-09-12,,,,,,sha256:3f8bf67cd1cc84da,kernel_ticket:pass:kernel_session_ticket|direction:pass:determined|risk:pass:within_caps|allowlist:FAIL:not_on_mint_allowlist|mode:pass:paper|contract:FAIL:hermes_integration_i0_ftn_never_actionable,
2025-10-01,US500,london,False,,no_selected_candidate,,,,,,,,,,,,,,,,,
2025-10-01,US500,ny_am,True,REV,named_extreme_raid+htf_pd+mss,2025-10-01T10:00:00,bullish,6662.151,6640.899,allowlist:not_on_mint_allowlist,pdl,bullish,aligned,D_FVG_bull_2025-09-12,,,,,,sha256:559b5a15d621c0e3,kernel_ticket:pass:kernel_session_ticket|direction:pass:determined|risk:pass:within_caps|allowlist:FAIL:not_on_mint_allowlist|mode:pass:paper|contract:FAIL:hermes_integration_i0_ftn_never_actionable,
2025-10-02,US500,london,False,,no_selected_candidate,,,,,,,,,,,,,,,,,
2025-10-02,US500,ny_am,True,REV,named_extreme_raid+htf_pd+mss,2025-10-02T07:15:00,bearish,6725.699,6719.151,risk:stop_not_protective,pdh,bullish,aligned,D_FVG_bull_2025-09-12,,,,,,sha256:03f25e09c5d5155c,kernel_ticket:pass:kernel_session_ticket|direction:pass:determined|risk:FAIL:stop_not_protective|allowlist:FAIL:not_on_mint_allowlist|mode:pass:paper|contract:FAIL:hermes_integration_i0_ftn_never_actionable,
2025-10-03,US500,london,True,REV,named_extreme_raid+htf_pd+mss,2025-10-03T02:15:00,bearish,6732.945,6732.354,risk:stop_not_protective,pdh,bullish,qualified,D_FVG_bull_2025-10-02,,,,,,sha256:f0db6192caa2fcf8,kernel_ticket:pass:kernel_session_ticket|direction:pass:determined|risk:FAIL:stop_not_protective|allowlist:FAIL:not_on_mint_allowlist|mode:pass:paper|contract:FAIL:hermes_integration_i0_ftn_never_actionable,
2025-10-03,US500,ny_am,True,REV,named_extreme_raid+htf_pd+mss,2025-10-03T07:15:00,bearish,6731.451,6732.354,allowlist:not_on_mint_allowlist,pdh,bullish,qualified,D_FVG_bull_2025-10-02,,,,,,sha256:802ddc8901f208b9,kernel_ticket:pass:kernel_session_ticket|direction:pass:determined|risk:pass:within_caps|allowlist:FAIL:not_on_mint_allowlist|mode:pass:paper|contract:FAIL:hermes_integration_i0_ftn_never_actionable,
2025-10-06,US500,london,False,,no_selected_candidate,,,,,,,,,,,,,,,,,
2025-10-06,US500,ny_am,False,,no_selected_candidate,,,,,,,,,,,,,,,,,
2025-10-07,US500,london,False,,no_selected_candidate,,,,,,,,,,,,,,,,,
2025-10-07,US500,ny_am,True,REV,named_extreme_raid+htf_pd+mss,2025-10-07T09:15:00,bearish,6750.139,6749.048,risk:stop_not_protective,pdh,bullish,aligned,D_FVG_bull_2025-10-02,,,,,,sha256:20636186efd885aa,kernel_ticket:pass:kernel_session_ticket|direction:pass:determined|risk:FAIL:stop_not_protective|allowlist:FAIL:not_on_mint_allowlist|mode:pass:paper|contract:FAIL:hermes_integration_i0_ftn_never_actionable,
2025-10-08,US500,london,False,,no_selected_candidate,,,,,,,,,,,,,,,,,
2025-10-08,US500,ny_am,False,,no_selected_candidate,,,,,,,,,,,,,,,,,
2025-10-09,US500,london,True,REV,named_extreme_raid+htf_pd+mss,2025-10-09T02:15:00,bearish,6760.545,6756.342,risk:stop_not_protective,pdh,bullish,aligned,D_FVG_bull_2025-10-02,,,,,,sha256:f08b2de32bbe697a,kernel_ticket:pass:kernel_session_ticket|direction:pass:determined|risk:FAIL:stop_not_protective|allowlist:FAIL:not_on_mint_allowlist|mode:pass:paper|contract:FAIL:hermes_integration_i0_ftn_never_actionable,
2025-10-09,US500,ny_am,False,,no_selected_candidate,,,,,,,,,,,,,,,,,
2025-10-10,US500,london,False,,no_selected_candidate,,,,,,,,,,,,,,,,,
2025-10-10,US500,ny_am,False,,no_selected_candidate,,,,,,,,,,,,,,,,,
2025-10-13,US500,london,False,,no_selected_candidate,,,,,,,,,,,,,,,,,
2025-10-13,US500,ny_am,False,,no_selected_candidate,,,,,,,,,,,,,,,,,
2025-10-14,US500,london,False,,no_selected_candidate,,,,,,,,,,,,,,,,,
2025-10-14,US500,ny_am,False,,no_selected_candidate,,,,,,,,,,,,,,,,,
2025-10-15,US500,london,False,,no_selected_candidate,,,,,,,,,,,,,,,,,
2025-10-15,US500,ny_am,False,,no_selected_candidate,,,,,,,,,,,,,,,,,
2025-10-16,US500,london,False,,no_selected_candidate,,,,,,,,,,,,,,,,,
2025-10-16,US500,ny_am,False,,no_selected_candidate,,,,,,,,,,,,,,,,,
2025-10-17,US500,london,True,REV,named_extreme_raid+htf_pd+mss,2025-10-17T02:15:00,bullish,6590.799,6593.148,risk:stop_not_protective,pdl,bearish,aligned,D_FVG_bull_2025-10-02,,,,,,sha256:150abec973584c77,kernel_ticket:pass:kernel_session_ticket|direction:pass:determined|risk:FAIL:stop_not_protective|allowlist:FAIL:not_on_mint_allowlist|mode:pass:paper|contract:FAIL:hermes_integration_i0_ftn_never_actionable,
2025-10-17,US500,ny_am,True,REV,named_extreme_raid+htf_pd+mss,2025-10-17T07:15:00,bullish,6614.551,6593.148,allowlist:not_on_mint_allowlist,pdl,bearish,qualified,D_FVG_bull_2025-10-02,,,,,,sha256:0c1b75633c45db5d,kernel_ticket:pass:kernel_session_ticket|direction:pass:determined|risk:pass:within_caps|allowlist:FAIL:not_on_mint_allowlist|mode:pass:paper|contract:FAIL:hermes_integration_i0_ftn_never_actionable,
2025-10-20,US500,london,True,REV,named_extreme_raid+htf_pd+mss,2025-10-20T03:30:00,bearish,6696.099,6679.651,risk:stop_not_protective,pdh,bullish,qualified,D_FVG_bull_2025-10-02,,,,,,sha256:85655a97a1b73668,kernel_ticket:pass:kernel_session_ticket|direction:pass:determined|risk:FAIL:stop_not_protective|allowlist:FAIL:not_on_mint_allowlist|mode:pass:paper|contract:FAIL:hermes_integration_i0_ftn_never_actionable,
2025-10-20,US500,ny_am,True,REV,named_extreme_raid+htf_pd+mss,2025-10-20T10:00:00,bearish,6709.436,6679.651,risk:stop_not_protective,pdh,bullish,aligned,D_FVG_bull_2025-10-02,,,,,,sha256:bcee7e576ca464b6,kernel_ticket:pass:kernel_session_ticket|direction:pass:determined|risk:FAIL:stop_not_protective|allowlist:FAIL:not_on_mint_allowlist|mode:pass:paper|contract:FAIL:hermes_integration_i0_ftn_never_actionable,
2025-10-21,US500,london,False,,no_selected_candidate,,,,,,,,,,,,,,,,,
2025-10-21,US500,ny_am,False,,no_selected_candidate,,,,,,,,,,,,,,,,,
2025-10-22,US500,london,False,,no_selected_candidate,,,,,,,,,,,,,,,,,
2025-10-22,US500,ny_am,False,,no_selected_candidate,,,,,,,,,,,,,,,,,
2025-10-23,US500,london,False,,no_selected_candidate,,,,,,,,,,,,,,,,,
2025-10-23,US500,ny_am,False,,no_selected_candidate,,,,,,,,,,,,,,,,,
2025-10-24,US500,london,True,REV,named_extreme_raid+htf_pd+mss,2025-10-24T02:15:00,bearish,6760.536,6748.899,risk:stop_not_protective,pdh,bullish,aligned,D_FVG_bull_2025-10-21,,,,,,sha256:6b153127b3a81267,kernel_ticket:pass:kernel_session_ticket|direction:pass:determined|risk:FAIL:stop_not_protective|allowlist:FAIL:not_on_mint_allowlist|mode:pass:paper|contract:FAIL:hermes_integration_i0_ftn_never_actionable,
2025-10-24,US500,ny_am,True,REV,named_extreme_raid+htf_pd+mss,2025-10-24T07:15:00,bearish,6761.851,6748.899,risk:stop_not_protective,pdh,bullish,qualified,D_FVG_bull_2025-10-21,,,,,,sha256:8700ed07039184ac,kernel_ticket:pass:kernel_session_ticket|direction:pass:determined|risk:FAIL:stop_not_protective|allowlist:FAIL:not_on_mint_allowlist|mode:pass:paper|contract:FAIL:hermes_integration_i0_ftn_never_actionable,
2025-10-27,US500,london,True,REV,named_extreme_raid+htf_pd+mss,2025-10-27T02:15:00,bearish,6850.745,6806.199,risk:stop_not_protective,pdh,bullish,aligned,D_FVG_bull_2025-10-21,,,,,,sha256:6125bb0cb5c26e45,kernel_ticket:pass:kernel_session_ticket|direction:pass:determined|risk:FAIL:stop_not_protective|allowlist:FAIL:not_on_mint_allowlist|mode:pass:paper|contract:FAIL:hermes_integration_i0_ftn_never_actionable,
2025-10-27,US500,ny_am,True,REV,named_extreme_raid+htf_pd+mss,2025-10-27T07:15:00,bearish,6850.742,6806.199,risk:stop_not_protective,pdh,bullish,qualified,D_FVG_bull_2025-10-21,,,,,,sha256:e428a96a375886c2,kernel_ticket:pass:kernel_session_ticket|direction:pass:determined|risk:FAIL:stop_not_protective|allowlist:FAIL:not_on_mint_allowlist|mode:pass:paper|contract:FAIL:hermes_integration_i0_ftn_never_actionable,
2025-10-28,US500,london,False,,no_selected_candidate,,,,,,,,,,,,,,,,,
2025-10-28,US500,ny_am,True,REV,named_extreme_raid+htf_pd+mss,2025-10-28T09:15:00,bearish,6893.145,6877.999,risk:stop_not_protective,pdh,bullish,aligned,D_FVG_bull_2025-10-27,,,,,,sha256:77c8a409dd14d858,kernel_ticket:pass:kernel_session_ticket|direction:pass:determined|risk:FAIL:stop_not_protective|allowlist:FAIL:not_on_mint_allowlist|mode:pass:paper|contract:FAIL:hermes_integration_i0_ftn_never_actionable,
2025-10-29,US500,london,True,REV,named_extreme_raid+htf_pd+mss,2025-10-29T03:15:00,bearish,6911.145,6911.554,allowlist:not_on_mint_allowlist,pdh,bullish,aligned,D_FVG_bull_2025-10-28,,,,,,sha256:f8726b6ceef970a0,kernel_ticket:pass:kernel_session_ticket|direction:pass:determined|risk:pass:within_caps|allowlist:FAIL:not_on_mint_allowlist|mode:pass:paper|contract:FAIL:hermes_integration_i0_ftn_never_actionable,
2025-10-29,US500,ny_am,True,REV,named_extreme_raid+htf_pd+mss,2025-10-29T10:00:00,bearish,6917.651,6911.554,risk:stop_not_protective,pdh,bullish,aligned,D_FVG_bull_2025-10-28,,,,,,sha256:0163d4d0f8e6970d,kernel_ticket:pass:kernel_session_ticket|direction:pass:determined|risk:FAIL:stop_not_protective|allowlist:FAIL:not_on_mint_allowlist|mode:pass:paper|contract:FAIL:hermes_integration_i0_ftn_never_actionable,
2025-10-30,US500,london,False,,no_selected_candidate,,,,,,,,,,,,,,,,,
2025-10-30,US500,ny_am,False,,no_selected_candidate,,,,,,,,,,,,,,,,,
2025-10-31,US500,london,False,,no_selected_candidate,,,,,,,,,,,,,,,,,
2025-10-31,US500,ny_am,False,,no_selected_candidate,,,,,,,,,,,,,,,,,
2025-11-03,US500,london,False,,no_selected_candidate,,,,,,,,,,,,,,,,,
2025-11-03,US500,ny_am,False,,no_selected_candidate,,,,,,,,,,,,,,,,,
2025-11-04,US500,london,False,,no_selected_candidate,,,,,,,,,,,,,,,,,
2025-11-04,US500,ny_am,True,REV,named_extreme_raid+htf_pd+mss,2025-11-04T10:00:00,bullish,6808.054,6820.051,risk:stop_not_protective,pdl,bullish,aligned,D_FVG_bull_2025-10-21,,,,,,sha256:cac6249560dc1b5f,kernel_ticket:pass:kernel_session_ticket|direction:pass:determined|risk:FAIL:stop_not_protective|allowlist:FAIL:not_on_mint_allowlist|mode:pass:paper|contract:FAIL:hermes_integration_i0_ftn_never_actionable,
2025-11-05,US500,london,False,,no_selected_candidate,,,,,,,,,,,,,,,,,
2025-11-05,US500,ny_am,True,REV,named_extreme_raid+htf_pd+mss,2025-11-05T07:15:00,bullish,6757.351,6756.833,allowlist:not_on_mint_allowlist,pdl,bearish,qualified,D_FVG_bull_2025-10-28,,,,,,sha256:7c560aea7ff73b3d,kernel_ticket:pass:kernel_session_ticket|direction:pass:determined|risk:pass:within_caps|allowlist:FAIL:not_on_mint_allowlist|mode:pass:paper|contract:FAIL:hermes_integration_i0_ftn_never_actionable,
2025-11-06,US500,london,False,,no_selected_candidate,,,,,,,,,,,,,,,,,
2025-11-06,US500,ny_am,False,,no_selected_candidate,,,,,,,,,,,,,,,,,
2025-11-07,US500,london,False,,no_selected_candidate,,,,,,,,,,,,,,,,,
2025-11-07,US500,ny_am,True,REV,named_extreme_raid+htf_pd+mss,2025-11-07T07:15:00,bullish,6709.351,6706.951,allowlist:not_on_mint_allowlist,pdl,bearish,aligned,D_FVG_bull_2025-10-27,,,,,,sha256:430d628b833cd390,kernel_ticket:pass:kernel_session_ticket|direction:pass:determined|risk:pass:within_caps|allowlist:FAIL:not_on_mint_allowlist|mode:pass:paper|contract:FAIL:hermes_integration_i0_ftn_never_actionable,
2025-11-10,US500,london,True,REV,named_extreme_raid+htf_pd+mss,2025-11-10T02:15:00,bearish,6777.799,6745.348,risk:stop_not_protective,pdh,bullish,qualified,D_FVG_bull_2025-10-21,,,,,,sha256:79ca1057a5ae68b1,kernel_ticket:pass:kernel_session_ticket|direction:pass:determined|risk:FAIL:stop_not_protective|allowlist:FAIL:not_on_mint_allowlist|mode:pass:paper|contract:FAIL:hermes_integration_i0_ftn_never_actionable,
2025-11-10,US500,ny_am,True,REV,named_extreme_raid+htf_pd+mss,2025-11-10T07:15:00,bearish,6791.033,6745.348,risk:stop_not_protective,pdh,bullish,aligned,D_FVG_bull_2025-10-21,,,,,,sha256:f266d270f1d71a0b,kernel_ticket:pass:kernel_session_ticket|direction:pass:determined|risk:FAIL:stop_not_protective|allowlist:FAIL:not_on_mint_allowlist|mode:pass:paper|contract:FAIL:hermes_integration_i0_ftn_never_actionable,
2025-11-11,US500,london,False,,no_selected_candidate,,,,,,,,,,,,,,,,,
2025-11-11,US500,ny_am,False,,no_selected_candidate,,,,,,,,,,,,,,,,,
2025-11-12,US500,london,True,REV,named_extreme_raid+htf_pd+mss,2025-11-12T02:15:00,bearish,6868.233,6855.554,risk:stop_not_protective,pdh,bullish,aligned,D_FVG_bull_2025-10-27,,,,,,sha256:df87b3e7eebe4c8f,kernel_ticket:pass:kernel_session_ticket|direction:pass:determined|risk:FAIL:stop_not_protective|allowlist:FAIL:not_on_mint_allowlist|mode:pass:paper|contract:FAIL:hermes_integration_i0_ftn_never_actionable,
2025-11-12,US500,ny_am,True,REV,named_extreme_raid+htf_pd+mss,2025-11-12T07:15:00,bearish,6869.436,6855.554,risk:stop_not_protective,pdh,bullish,qualified,D_FVG_bull_2025-10-28,,,,,,sha256:fb89ffe294a714e3,kernel_ticket:pass:kernel_session_ticket|direction:pass:determined|risk:FAIL:stop_not_protective|allowlist:FAIL:not_on_mint_allowlist|mode:pass:paper|contract:FAIL:hermes_integration_i0_ftn_never_actionable,
2025-11-13,US500,london,False,,no_selected_candidate,,,,,,,,,,,,,,,,,
2025-11-13,US500,ny_am,False,,no_selected_candidate,,,,,,,,,,,,,,,,,
2025-11-14,US500,london,True,REV,named_extreme_raid+htf_pd+mss,2025-11-14T02:15:00,bullish,6718.942,6723.139,risk:stop_not_protective,pdl,bearish,aligned,D_FVG_bull_2025-11-11,,,,,,sha256:d57a9bab20bac9ea,kernel_ticket:pass:kernel_session_ticket|direction:pass:determined|risk:FAIL:stop_not_protective|allowlist:FAIL:not_on_mint_allowlist|mode:pass:paper|contract:FAIL:hermes_integration_i0_ftn_never_actionable,
2025-11-14,US500,ny_am,True,REV,named_extreme_raid+htf_pd+mss,2025-11-14T07:15:00,bullish,6676.954,6723.139,risk:stop_not_protective,pdl,bearish,aligned,D_FVG_bull_2025-10-21,,,,,,sha256:26b86310a7dbbeda,kernel_ticket:pass:kernel_session_ticket|direction:pass:determined|risk:FAIL:stop_not_protective|allowlist:FAIL:not_on_mint_allowlist|mode:pass:paper|contract:FAIL:hermes_integration_i0_ftn_never_actionable,
2025-11-17,US500,london,True,REV,named_extreme_raid+htf_pd+mss,2025-11-17T03:45:00,bearish,6776.542,6774.145,risk:stop_not_protective,pdh,bearish,qualified,D_FVG_bull_2025-10-28,,,,,,sha256:f0c21c3bc2c88177,kernel_ticket:pass:kernel_session_ticket|direction:pass:determined|risk:FAIL:stop_not_protective|allowlist:FAIL:not_on_mint_allowlist|mode:pass:paper|contract:FAIL:hermes_integration_i0_ftn_never_actionable,
2025-11-17,US500,ny_am,True,REV,named_extreme_raid+htf_pd+mss,2025-11-17T07:15:00,bearish,6740.545,6774.145,allowlist:not_on_mint_allowlist,pdh,bearish,qualified,D_FVG_bull_2025-11-11,,,,,,sha256:2c6a54d467032788,kernel_ticket:pass:kernel_session_ticket|direction:pass:determined|risk:pass:within_caps|allowlist:FAIL:not_on_mint_allowlist|mode:pass:paper|contract:FAIL:hermes_integration_i0_ftn_never_actionable,
2025-11-18,US500,london,True,REV,named_extreme_raid+htf_pd+mss,2025-11-18T02:15:00,bullish,6620.742,6637.654,risk:stop_not_protective,pdl,bearish,aligned,D_FVG_bull_2025-10-21,,,,,,sha256:950514d720382aa6,kernel_ticket:pass:kernel_session_ticket|direction:pass:determined|risk:FAIL:stop_not_protective|allowlist:FAIL:not_on_mint_allowlist|mode:pass:paper|contract:FAIL:hermes_integration_i0_ftn_never_actionable,
2025-11-18,US500,ny_am,True,REV,named_extreme_raid+htf_pd+mss,2025-11-18T10:00:00,bullish,6602.433,6637.654,risk:stop_not_protective,pdl,bearish,aligned,D_FVG_bull_2025-10-21,,,,,,sha256:6eca1f153cd3ff08,kernel_ticket:pass:kernel_session_ticket|direction:pass:determined|risk:FAIL:stop_not_protective|allowlist:FAIL:not_on_mint_allowlist|mode:pass:paper|contract:FAIL:hermes_integration_i0_ftn_never_actionable,
2025-11-19,US500,london,False,,no_selected_candidate,,,,,,,,,,,,,,,,,
2025-11-19,US500,ny_am,False,,no_selected_candidate,,,,,,,,,,,,,,,,,
2025-11-20,US500,london,False,,no_selected_candidate,,,,,,,,,,,,,,,,,
2025-11-20,US500,ny_am,False,,no_selected_candidate,,,,,,,,,,,,,,,,,
2025-11-21,US500,london,False,,no_selected_candidate,,,,,,,,,,,,,,,,,
2025-11-21,US500,ny_am,True,REV,named_extreme_raid+htf_pd+mss,2025-11-21T07:15:00,bullish,6527.154,6531.145,risk:stop_not_protective,pdl,bearish,aligned,D_FVG_bull_2025-11-11,,,,,,sha256:a58dcc89462b8334,kernel_ticket:pass:kernel_session_ticket|direction:pass:determined|risk:FAIL:stop_not_protective|allowlist:FAIL:not_on_mint_allowlist|mode:pass:paper|contract:FAIL:hermes_integration_i0_ftn_never_actionable,
2025-11-24,US500,london,False,,no_selected_candidate,,,,,,,,,,,,,,,,,
2025-11-24,US500,ny_am,False,,no_selected_candidate,,,,,,,,,,,,,,,,,
2025-11-25,US500,london,False,,no_selected_candidate,,,,,,,,,,,,,,,,,
2025-11-25,US500,ny_am,False,,no_selected_candidate,,,,,,,,,,,,,,,,,
2025-11-26,US500,london,False,,no_selected_candidate,,,,,,,,,,,,,,,,,
2025-11-26,US500,ny_am,False,,no_selected_candidate,,,,,,,,,,,,,,,,,
2025-12-01,US500,london,False,,no_selected_candidate,,,,,,,,,,,,,,,,,
2025-12-01,US500,ny_am,False,,no_selected_candidate,,,,,,,,,,,,,,,,,
2025-12-02,US500,london,False,,no_selected_candidate,,,,,,,,,,,,,,,,,
2025-12-02,US500,ny_am,False,,no_selected_candidate,,,,,,,,,,,,,,,,,
2025-12-03,US500,london,False,,no_selected_candidate,,,,,,,,,,,,,,,,,
2025-12-03,US500,ny_am,False,,no_selected_candidate,,,,,,,,,,,,,,,,,
2025-12-04,US500,london,False,,no_selected_candidate,,,,,,,,,,,,,,,,,
2025-12-04,US500,ny_am,False,,no_selected_candidate,,,,,,,,,,,,,,,,,
2025-12-05,US500,london,True,REV,named_extreme_raid+htf_pd+mss,2025-12-05T02:15:00,bearish,6872.045,6870.548,risk:stop_not_protective,pdh,bullish,qualified,D_FVG_bear_2025-11-14,,,,,,sha256:72cbb1068c91ec18,kernel_ticket:pass:kernel_session_ticket|direction:pass:determined|risk:FAIL:stop_not_protective|allowlist:FAIL:not_on_mint_allowlist|mode:pass:paper|contract:FAIL:hermes_integration_i0_ftn_never_actionable,
2025-12-05,US500,ny_am,True,REV,named_extreme_raid+htf_pd+mss,2025-12-05T10:00:00,bearish,6880.539,6870.548,risk:stop_not_protective,pdh,bullish,aligned,D_FVG_bear_2025-11-14,,,,,,sha256:4f69d38fe4d2d83c,kernel_ticket:pass:kernel_session_ticket|direction:pass:determined|risk:FAIL:stop_not_protective|allowlist:FAIL:not_on_mint_allowlist|mode:pass:paper|contract:FAIL:hermes_integration_i0_ftn_never_actionable,
2025-12-08,US500,london,False,,no_selected_candidate,,,,,,,,,,,,,,,,,
2025-12-08,US500,ny_am,False,,no_selected_candidate,,,,,,,,,,,,,,,,,
2025-12-09,US500,london,False,,no_selected_candidate,,,,,,,,,,,,,,,,,
2025-12-09,US500,ny_am,False,,no_selected_candidate,,,,,,,,,,,,,,,,,
2025-12-10,US500,london,False,,no_selected_candidate,,,,,,,,,,,,,,,,,
2025-12-10,US500,ny_am,False,,no_selected_candidate,,,,,,,,,,,,,,,,,
2025-12-11,US500,london,False,,no_selected_candidate,,,,,,,,,,,,,,,,,
2025-12-11,US500,ny_am,True,REV,named_extreme_raid+htf_pd+mss,2025-12-11T07:15:00,bullish,6861.054,6823.936,allowlist:not_on_mint_allowlist,pdl,bullish,aligned,D_FVG_bear_2025-11-14,,,,,,sha256:271c83c28d9a67c6,kernel_ticket:pass:kernel_session_ticket|direction:pass:determined|risk:pass:within_caps|allowlist:FAIL:not_on_mint_allowlist|mode:pass:paper|contract:FAIL:hermes_integration_i0_ftn_never_actionable,
2025-12-12,US500,london,False,,no_selected_candidate,,,,,,,,,,,,,,,,,
2025-12-12,US500,ny_am,False,,no_selected_candidate,,,,,,,,,,,,,,,,,
2025-12-15,US500,london,False,,no_selected_candidate,,,,,,,,,,,,,,,,,
2025-12-15,US500,ny_am,False,,no_selected_candidate,,,,,,,,,,,,,,,,,
2025-12-16,US500,london,True,REV,named_extreme_raid+htf_pd+mss,2025-12-16T02:45:00,bullish,6772.133,6801.439,risk:stop_not_protective,pdl,bearish,qualified,D_FVG_bull_2025-12-01,,,,,,sha256:620cfde5c5ee645f,kernel_ticket:pass:kernel_session_ticket|direction:pass:determined|risk:FAIL:stop_not_protective|allowlist:FAIL:not_on_mint_allowlist|mode:pass:paper|contract:FAIL:hermes_integration_i0_ftn_never_actionable,
2025-12-16,US500,ny_am,False,,no_selected_candidate,,,,,,,,,,,,,,,,,
2025-12-17,US500,london,False,,no_selected_candidate,,,,,,,,,,,,,,,,,
2025-12-17,US500,ny_am,False,,no_selected_candidate,,,,,,,,,,,,,,,,,
2025-12-18,US500,london,False,,no_selected_candidate,,,,,,,,,,,,,,,,,
2025-12-18,US500,ny_am,False,,no_selected_candidate,,,,,,,,,,,,,,,,,
2025-12-19,US500,london,False,,no_selected_candidate,,,,,,,,,,,,,,,,,
2025-12-19,US500,ny_am,True,REV,named_extreme_raid+htf_pd+mss,2025-12-19T10:00:00,bearish,6827.099,6816.099,risk:stop_not_protective,pdh,bullish,aligned,D_FVG_bull_2025-12-01,,,,,,sha256:63b9da2e2be4a3cc,kernel_ticket:pass:kernel_session_ticket|direction:pass:determined|risk:FAIL:stop_not_protective|allowlist:FAIL:not_on_mint_allowlist|mode:pass:paper|contract:FAIL:hermes_integration_i0_ftn_never_actionable,
2025-12-22,US500,london,False,,no_selected_candidate,,,,,,,,,,,,,,,,,
2025-12-22,US500,ny_am,True,REV,named_extreme_raid+htf_pd+mss,2025-12-22T07:15:00,bearish,6856.754,6840.236,risk:stop_not_protective,pdh,bullish,qualified,D_FVG_bull_2025-12-01,,,,,,sha256:04cb334f23e522b9,kernel_ticket:pass:kernel_session_ticket|direction:pass:determined|risk:FAIL:stop_not_protective|allowlist:FAIL:not_on_mint_allowlist|mode:pass:paper|contract:FAIL:hermes_integration_i0_ftn_never_actionable,
2025-12-23,US500,london,False,,no_selected_candidate,,,,,,,,,,,,,,,,,
2025-12-23,US500,ny_am,True,REV,named_extreme_raid+htf_pd+mss,2025-12-23T07:15:00,bearish,6874.036,6882.451,allowlist:not_on_mint_allowlist,pdh,bullish,qualified,D_FVG_bull_2025-12-22,,,,,,sha256:18923cdfccc04496,kernel_ticket:pass:kernel_session_ticket|direction:pass:determined|risk:pass:within_caps|allowlist:FAIL:not_on_mint_allowlist|mode:pass:paper|contract:FAIL:hermes_integration_i0_ftn_never_actionable,
2025-12-26,US500,london,False,,no_selected_candidate,,,,,,,,,,,,,,,,,
2025-12-26,US500,ny_am,True,REV,named_extreme_raid+htf_pd+mss,2025-12-26T07:15:00,bearish,6929.054,6910.348,risk:stop_not_protective,pdh,bullish,qualified,D_FVG_bull_2025-12-23,,,,,,sha256:1e75b23aec534f88,kernel_ticket:pass:kernel_session_ticket|direction:pass:determined|risk:FAIL:stop_not_protective|allowlist:FAIL:not_on_mint_allowlist|mode:pass:paper|contract:FAIL:hermes_integration_i0_ftn_never_actionable,
2025-12-29,US500,london,False,,no_selected_candidate,,,,,,,,,,,,,,,,,
2025-12-29,US500,ny_am,False,,no_selected_candidate,,,,,,,,,,,,,,,,,
2025-12-30,US500,london,False,,no_selected_candidate,,,,,,,,,,,,,,,,,
2025-12-30,US500,ny_am,False,,no_selected_candidate,,,,,,,,,,,,,,,,,
2025-12-31,US500,london,True,REV,named_extreme_raid+htf_pd+mss,2025-12-31T02:15:00,bullish,6881.439,6892.636,risk:stop_not_protective,pdl,bearish,aligned,D_FVG_bull_2025-12-26,,,,,,sha256:e85498c0bbc3537d,kernel_ticket:pass:kernel_session_ticket|direction:pass:determined|risk:FAIL:stop_not_protective|allowlist:FAIL:not_on_mint_allowlist|mode:pass:paper|contract:FAIL:hermes_integration_i0_ftn_never_actionable,
2025-12-31,US500,ny_am,True,REV,named_extreme_raid+htf_pd+mss,2025-12-31T07:15:00,bullish,6884.999,6892.636,risk:stop_not_protective,pdl,bearish,qualified,D_FVG_bear_2025-12-30,,,,,,sha256:55802039414daab6,kernel_ticket:pass:kernel_session_ticket|direction:pass:determined|risk:FAIL:stop_not_protective|allowlist:FAIL:not_on_mint_allowlist|mode:pass:paper|contract:FAIL:hermes_integration_i0_ftn_never_actionable,
2026-01-02,US500,london,False,,no_selected_candidate,,,,,,,,,,,,,,,,,
2026-01-02,US500,ny_am,False,,no_selected_candidate,,,,,,,,,,,,,,,,,
2026-01-05,US500,london,False,,no_selected_candidate,,,,,,,,,,,,,,,,,
2026-01-05,US500,ny_am,True,REV,named_extreme_raid+htf_pd+mss,2026-01-05T10:00:00,bearish,6897.036,6894.554,risk:stop_not_protective,pdh,bullish,aligned,D_FVG_bull_2025-12-23,,,,,,sha256:1bcac1ab7757e376,kernel_ticket:pass:kernel_session_ticket|direction:pass:determined|risk:FAIL:stop_not_protective|allowlist:FAIL:not_on_mint_allowlist|mode:pass:paper|contract:FAIL:hermes_integration_i0_ftn_never_actionable,
2026-01-06,US500,london,False,,no_selected_candidate,,,,,,,,,,,,,,,,,
2026-01-06,US500,ny_am,False,,no_selected_candidate,,,,,,,,,,,,,,,,,
2026-01-07,US500,london,False,,no_selected_candidate,,,,,,,,,,,,,,,,,
2026-01-07,US500,ny_am,True,REV,named_extreme_raid+htf_pd+mss,2026-01-07T10:00:00,bearish,6951.045,6949.236,risk:stop_not_protective,pdh,bullish,aligned,D_FVG_bear_2025-12-30,,,,,,sha256:bedad580c1b42baf,kernel_ticket:pass:kernel_session_ticket|direction:pass:determined|risk:FAIL:stop_not_protective|allowlist:FAIL:not_on_mint_allowlist|mode:pass:paper|contract:FAIL:hermes_integration_i0_ftn_never_actionable,
2026-01-08,US500,london,True,REV,named_extreme_raid+htf_pd+mss,2026-01-08T02:15:00,bullish,6901.445,6917.236,risk:stop_not_protective,pdl,bearish,aligned,D_FVG_bear_2025-12-30,,,,,,sha256:a03022ce56ec219f,kernel_ticket:pass:kernel_session_ticket|direction:pass:determined|risk:FAIL:stop_not_protective|allowlist:FAIL:not_on_mint_allowlist|mode:pass:paper|contract:FAIL:hermes_integration_i0_ftn_never_actionable,
2026-01-08,US500,ny_am,True,REV,named_extreme_raid+htf_pd+mss,2026-01-08T10:00:00,bullish,6908.536,6917.236,risk:stop_not_protective,pdl,bearish,aligned,D_FVG_bear_2025-12-30,,,,,,sha256:d39b02e4bef5cd08,kernel_ticket:pass:kernel_session_ticket|direction:pass:determined|risk:FAIL:stop_not_protective|allowlist:FAIL:not_on_mint_allowlist|mode:pass:paper|contract:FAIL:hermes_integration_i0_ftn_never_actionable,
2026-01-09,US500,london,False,,no_selected_candidate,,,,,,,,,,,,,,,,,
2026-01-09,US500,ny_am,False,,no_selected_candidate,,,,,,,,,,,,,,,,,
2026-01-12,US500,london,False,,no_selected_candidate,,,,,,,,,,,,,,,,,
2026-01-12,US500,ny_am,True,REV,named_extreme_raid+htf_pd+mss,2026-01-12T10:00:00,bullish,6961.499,6915.233,allowlist:not_on_mint_allowlist,pdl,bullish,aligned,D_FVG_bear_2025-12-30,,,,,,sha256:2829f095912253fe,kernel_ticket:pass:kernel_session_ticket|direction:pass:determined|risk:pass:within_caps|allowlist:FAIL:not_on_mint_allowlist|mode:pass:paper|contract:FAIL:hermes_integration_i0_ftn_never_actionable,
2026-01-13,US500,london,False,,no_selected_candidate,,,,,,,,,,,,,,,,,
2026-01-13,US500,ny_am,True,REV,named_extreme_raid+htf_pd+mss,2026-01-13T10:00:00,bearish,6967.239,6986.239,allowlist:not_on_mint_allowlist,pdh,bullish,qualified,D_FVG_bear_2025-12-30,,,,,,sha256:5ee2e2069bef2e55,kernel_ticket:pass:kernel_session_ticket|direction:pass:determined|risk:pass:within_caps|allowlist:FAIL:not_on_mint_allowlist|mode:pass:paper|contract:FAIL:hermes_integration_i0_ftn_never_actionable,
2026-01-14,US500,london,False,,no_selected_candidate,,,,,,,,,,,,,,,,,
2026-01-14,US500,ny_am,True,REV,named_extreme_raid+htf_pd+mss,2026-01-14T10:00:00,bullish,6911.351,6938.639,risk:stop_not_protective,pdl,bearish,aligned,D_FVG_bear_2025-12-30,,,,,,sha256:4a575a03b7bb2e35,kernel_ticket:pass:kernel_session_ticket|direction:pass:determined|risk:FAIL:stop_not_protective|allowlist:FAIL:not_on_mint_allowlist|mode:pass:paper|contract:FAIL:hermes_integration_i0_ftn_never_actionable,
2026-01-15,US500,london,False,,no_selected_candidate,,,,,,,,,,,,,,,,,
2026-01-15,US500,ny_am,False,,no_selected_candidate,,,,,,,,,,,,,,,,,
2026-01-16,US500,london,False,,no_selected_candidate,,,,,,,,,,,,,,,,,
2026-01-16,US500,ny_am,False,,no_selected_candidate,,,,,,,,,,,,,,,,,
2026-01-20,US500,london,True,REV,named_extreme_raid+htf_pd+mss,2026-01-20T02:15:00,bullish,6848.736,6924.933,risk:stop_not_protective,pdl,bearish,aligned,D_FVG_bull_2025-12-26,,,,,,sha256:b6b053c0a1a9376f,kernel_ticket:pass:kernel_session_ticket|direction:pass:determined|risk:FAIL:stop_not_protective|allowlist:FAIL:not_on_mint_allowlist|mode:pass:paper|contract:FAIL:hermes_integration_i0_ftn_never_actionable,
2026-01-20,US500,ny_am,True,REV,named_extreme_raid+htf_pd+mss,2026-01-20T07:15:00,bullish,6842.548,6924.933,risk:stop_not_protective,pdl,bearish,qualified,D_FVG_bull_2025-12-26,,,,,,sha256:a615193236a10dd9,kernel_ticket:pass:kernel_session_ticket|direction:pass:determined|risk:FAIL:stop_not_protective|allowlist:FAIL:not_on_mint_allowlist|mode:pass:paper|contract:FAIL:hermes_integration_i0_ftn_never_actionable,
2026-01-21,US500,london,False,,no_selected_candidate,,,,,,,,,,,,,,,,,
2026-01-21,US500,ny_am,True,REV,named_extreme_raid+htf_pd+mss,2026-01-21T07:15:00,bullish,6789.148,6788.736,allowlist:not_on_mint_allowlist,pdl,bearish,aligned,D_FVG_bull_2025-12-22,,,,,,sha256:2dbb3fccdbe22121,kernel_ticket:pass:kernel_session_ticket|direction:pass:determined|risk:pass:within_caps|allowlist:FAIL:not_on_mint_allowlist|mode:pass:paper|contract:FAIL:hermes_integration_i0_ftn_never_actionable,
2026-01-22,US500,london,False,,no_selected_candidate,,,,,,,,,,,,,,,,,
2026-01-22,US500,ny_am,True,REV,named_extreme_raid+htf_pd+mss,2026-01-22T07:15:00,bearish,6909.451,6910.945,allowlist:not_on_mint_allowlist,pdh,bullish,qualified,D_FVG_bull_2025-12-23,,,,,,sha256:51685f7d2255a3cd,kernel_ticket:pass:kernel_session_ticket|direction:pass:determined|risk:pass:within_caps|allowlist:FAIL:not_on_mint_allowlist|mode:pass:paper|contract:FAIL:hermes_integration_i0_ftn_never_actionable,
2026-01-23,US500,london,False,,no_selected_candidate,,,,,,,,,,,,,,,,,
2026-01-23,US500,ny_am,False,,no_selected_candidate,,,,,,,,,,,,,,,,,
2026-01-26,US500,london,False,,no_selected_candidate,,,,,,,,,,,,,,,,,
2026-01-26,US500,ny_am,True,REV,named_extreme_raid+htf_pd+mss,2026-01-26T07:15:00,bullish,6913.199,6892.836,allowlist:not_on_mint_allowlist,pdl,bullish,aligned,D_FVG_bear_2026-01-20,,,,,,sha256:1007efb1a6a5f4a9,kernel_ticket:pass:kernel_session_ticket|direction:pass:determined|risk:pass:within_caps|allowlist:FAIL:not_on_mint_allowlist|mode:pass:paper|contract:FAIL:hermes_integration_i0_ftn_never_actionable,
2026-01-27,US500,london,True,REV,named_extreme_raid+htf_pd+mss,2026-01-27T02:15:00,bearish,6971.651,6964.251,risk:stop_not_protective,pdh,bullish,qualified,D_FVG_bear_2026-01-21,,,,,,sha256:fbf2f800dde3c135,kernel_ticket:pass:kernel_session_ticket|direction:pass:determined|risk:FAIL:stop_not_protective|allowlist:FAIL:not_on_mint_allowlist|mode:pass:paper|contract:FAIL:hermes_integration_i0_ftn_never_actionable,
2026-01-27,US500,ny_am,True,REV,named_extreme_raid+htf_pd+mss,2026-01-27T10:00:00,bearish,6975.039,6964.251,risk:stop_not_protective,pdh,bullish,aligned,D_FVG_bear_2026-01-21,,,,,,sha256:360554ec599baed2,kernel_ticket:pass:kernel_session_ticket|direction:pass:determined|risk:FAIL:stop_not_protective|allowlist:FAIL:not_on_mint_allowlist|mode:pass:paper|contract:FAIL:hermes_integration_i0_ftn_never_actionable,
2026-01-28,US500,london,True,REV,named_extreme_raid+htf_pd+mss,2026-01-28T02:15:00,bearish,7007.054,6988.542,risk:stop_not_protective,pdh,bullish,aligned,D_FVG_bull_2026-01-27,,,,,,sha256:d8d9ae8d7a368636,kernel_ticket:pass:kernel_session_ticket|direction:pass:determined|risk:FAIL:stop_not_protective|allowlist:FAIL:not_on_mint_allowlist|mode:pass:paper|contract:FAIL:hermes_integration_i0_ftn_never_actionable,
2026-01-28,US500,ny_am,True,REV,named_extreme_raid+htf_pd+mss,2026-01-28T07:15:00,bearish,6998.354,6988.542,risk:stop_not_protective,pdh,bullish,qualified,D_FVG_bull_2026-01-27,,,,,,sha256:a3016d64cca7dbf5,kernel_ticket:pass:kernel_session_ticket|direction:pass:determined|risk:FAIL:stop_not_protective|allowlist:FAIL:not_on_mint_allowlist|mode:pass:paper|contract:FAIL:hermes_integration_i0_ftn_never_actionable,
2026-01-29,US500,london,False,,no_selected_candidate,,,,,,,,,,,,,,,,,
2026-01-29,US500,ny_am,False,,no_selected_candidate,,,,,,,,,,,,,,,,,
2026-01-30,US500,london,False,,no_selected_candidate,,,,,,,,,,,,,,,,,
2026-01-30,US500,ny_am,False,,no_selected_candidate,,,,,,,,,,,,,,,,,
2026-02-02,US500,london,True,REV,named_extreme_raid+htf_pd+mss,2026-02-02T02:15:00,bullish,6856.454,6891.151,risk:stop_not_protective,pdl,bearish,aligned,D_FVG_bear_2026-01-20,,,,,,sha256:6481d34a943f91e8,kernel_ticket:pass:kernel_session_ticket|direction:pass:determined|risk:FAIL:stop_not_protective|allowlist:FAIL:not_on_mint_allowlist|mode:pass:paper|contract:FAIL:hermes_integration_i0_ftn_never_actionable,
2026-02-02,US500,ny_am,False,,no_selected_candidate,,,,,,,,,,,,,,,,,
2026-02-03,US500,london,True,REV,named_extreme_raid+htf_pd+mss,2026-02-03T03:15:00,bearish,7001.448,6991.533,risk:stop_not_protective,pdh,bullish,aligned,D_FVG_bull_2026-01-27,,,,,,sha256:22a5d39543ed948d,kernel_ticket:pass:kernel_session_ticket|direction:pass:determined|risk:FAIL:stop_not_protective|allowlist:FAIL:not_on_mint_allowlist|mode:pass:paper|contract:FAIL:hermes_integration_i0_ftn_never_actionable,
2026-02-03,US500,ny_am,False,,no_selected_candidate,,,,,,,,,,,,,,,,,
2026-02-04,US500,london,False,,no_selected_candidate,,,,,,,,,,,,,,,,,
2026-02-04,US500,ny_am,False,,no_selected_candidate,,,,,,,,,,,,,,,,,
2026-02-05,US500,london,False,,no_selected_candidate,,,,,,,,,,,,,,,,,
2026-02-05,US500,ny_am,True,REV,named_extreme_raid+htf_pd+mss,2026-02-05T08:00:00,bullish,6847.339,6838.933,allowlist:not_on_mint_allowlist,pdl,bearish,aligned,D_FVG_bear_2026-01-20,,,,,,sha256:6e6f87283251f0af,kernel_ticket:pass:kernel_session_ticket|direction:pass:determined|risk:pass:within_caps|allowlist:FAIL:not_on_mint_allowlist|mode:pass:paper|contract:FAIL:hermes_integration_i0_ftn_never_actionable,
2026-02-06,US500,london,False,,no_selected_candidate,,,,,,,,,,,,,,,,,
2026-02-06,US500,ny_am,False,,no_selected_candidate,,,,,,,,,,,,,,,,,
2026-02-09,US500,london,False,,no_selected_candidate,,,,,,,,,,,,,,,,,
2026-02-09,US500,ny_am,False,,no_selected_candidate,,,,,,,,,,,,,,,,,
2026-02-10,US500,london,False,,no_selected_candidate,,,,,,,,,,,,,,,,,
2026-02-10,US500,ny_am,False,,no_selected_candidate,,,,,,,,,,,,,,,,,
2026-02-11,US500,london,False,,no_selected_candidate,,,,,,,,,,,,,,,,,
2026-02-11,US500,ny_am,False,,no_selected_candidate,,,,,,,,,,,,,,,,,
2026-02-12,US500,london,False,,no_selected_candidate,,,,,,,,,,,,,,,,,
2026-02-12,US500,ny_am,False,,no_selected_candidate,,,,,,,,,,,,,,,,,
2026-02-13,US500,london,True,REV,named_extreme_raid+htf_pd+mss,2026-02-13T02:15:00,bullish,6825.136,6823.051,allowlist:not_on_mint_allowlist,pdl,bearish,qualified,D_FVG_bear_2026-01-20,,,,,,sha256:1f9bad9bfabdc9c6,kernel_ticket:pass:kernel_session_ticket|direction:pass:determined|risk:pass:within_caps|allowlist:FAIL:not_on_mint_allowlist|mode:pass:paper|contract:FAIL:hermes_integration_i0_ftn_never_actionable,
2026-02-13,US500,ny_am,True,REV,named_extreme_raid+htf_pd+mss,2026-02-13T07:15:00,bullish,6812.399,6823.051,risk:stop_not_protective,pdl,bearish,aligned,D_FVG_bear_2026-01-20,,,,,,sha256:1c39853ef1da0a13,kernel_ticket:pass:kernel_session_ticket|direction:pass:determined|risk:FAIL:stop_not_protective|allowlist:FAIL:not_on_mint_allowlist|mode:pass:paper|contract:FAIL:hermes_integration_i0_ftn_never_actionable,
2026-02-17,US500,london,False,,no_selected_candidate,,,,,,,,,,,,,,,,,
2026-02-17,US500,ny_am,True,REV,named_extreme_raid+htf_pd+mss,2026-02-17T10:00:00,bullish,6783.833,6793.842,risk:stop_not_protective,pdl,bearish,aligned,D_FVG_bear_2026-01-20,,,,,,sha256:d6d749d7ff17039d,kernel_ticket:pass:kernel_session_ticket|direction:pass:determined|risk:FAIL:stop_not_protective|allowlist:FAIL:not_on_mint_allowlist|mode:pass:paper|contract:FAIL:hermes_integration_i0_ftn_never_actionable,
2026-02-18,US500,london,False,,no_selected_candidate,,,,,,,,,,,,,,,,,
2026-02-18,US500,ny_am,False,,no_selected_candidate,,,,,,,,,,,,,,,,,
2026-02-19,US500,london,False,,no_selected_candidate,,,,,,,,,,,,,,,,,
2026-02-19,US500,ny_am,False,,no_selected_candidate,,,,,,,,,,,,,,,,,
2026-02-20,US500,london,False,,no_selected_candidate,,,,,,,,,,,,,,,,,
2026-02-20,US500,ny_am,False,,no_selected_candidate,,,,,,,,,,,,,,,,,
2026-02-23,US500,london,False,,no_selected_candidate,,,,,,,,,,,,,,,,,
2026-02-23,US500,ny_am,False,,no_selected_candidate,,,,,,,,,,,,,,,,,
2026-02-24,US500,london,False,,no_selected_candidate,,,,,,,,,,,,,,,,,
2026-02-24,US500,ny_am,True,REV,named_extreme_raid+htf_pd+mss,2026-02-24T10:00:00,bullish,6847.954,6820.248,allowlist:not_on_mint_allowlist,pdl,bearish,aligned,D_FVG_bear_2026-02-13,,,,,,sha256:56150fa4ea9683d3,kernel_ticket:pass:kernel_session_ticket|direction:pass:determined|risk:pass:within_caps|allowlist:FAIL:not_on_mint_allowlist|mode:pass:paper|contract:FAIL:hermes_integration_i0_ftn_never_actionable,
2026-02-25,US500,london,False,,no_selected_candidate,,,,,,,,,,,,,,,,,
2026-02-25,US500,ny_am,True,REV,named_extreme_raid+htf_pd+mss,2026-02-25T08:00:00,bearish,6913.942,6899.751,risk:stop_not_protective,pdh,bullish,aligned,D_FVG_bear_2026-02-13,,,,,,sha256:2f352f2d24d85374,kernel_ticket:pass:kernel_session_ticket|direction:pass:determined|risk:FAIL:stop_not_protective|allowlist:FAIL:not_on_mint_allowlist|mode:pass:paper|contract:FAIL:hermes_integration_i0_ftn_never_actionable,
2026-02-26,US500,london,False,,no_selected_candidate,,,,,,,,,,,,,,,,,
2026-02-26,US500,ny_am,True,REV,named_extreme_raid+htf_pd+mss,2026-02-26T09:30:00,bearish,6949.336,6952.945,allowlist:not_on_mint_allowlist,pdh,bullish,aligned,D_FVG_bear_2026-02-13,,,,,,sha256:b88f74288656454b,kernel_ticket:pass:kernel_session_ticket|direction:pass:determined|risk:pass:within_caps|allowlist:FAIL:not_on_mint_allowlist|mode:pass:paper|contract:FAIL:hermes_integration_i0_ftn_never_actionable,
2026-02-27,US500,london,False,,no_selected_candidate,,,,,,,,,,,,,,,,,
2026-02-27,US500,ny_am,True,REV,named_extreme_raid+htf_pd+mss,2026-02-27T08:45:00,bullish,6847.536,6858.945,risk:stop_not_protective,pdl,bearish,aligned,D_FVG_bear_2026-02-13,,,,,,sha256:18c555a0cfcb826b,kernel_ticket:pass:kernel_session_ticket|direction:pass:determined|risk:FAIL:stop_not_protective|allowlist:FAIL:not_on_mint_allowlist|mode:pass:paper|contract:FAIL:hermes_integration_i0_ftn_never_actionable,
2026-03-02,US500,london,True,REV,named_extreme_raid+htf_pd+mss,2026-03-02T02:15:00,bullish,6776.033,6831.133,risk:stop_not_protective,pdl,bearish,aligned,D_FVG_bear_2026-02-13,,,,,,sha256:d0159f27f3129a5a,kernel_ticket:pass:kernel_session_ticket|direction:pass:determined|risk:FAIL:stop_not_protective|allowlist:FAIL:not_on_mint_allowlist|mode:pass:paper|contract:FAIL:hermes_integration_i0_ftn_never_actionable,
2026-03-02,US500,ny_am,False,,no_selected_candidate,,,,,,,,,,,,,,,,,
2026-03-03,US500,london,False,,no_selected_candidate,,,,,,,,,,,,,,,,,
2026-03-03,US500,ny_am,False,,no_selected_candidate,,,,,,,,,,,,,,,,,
2026-03-04,US500,london,False,,no_selected_candidate,,,,,,,,,,,,,,,,,
2026-03-04,US500,ny_am,False,,no_selected_candidate,,,,,,,,,,,,,,,,,
2026-03-05,US500,london,False,,no_selected_candidate,,,,,,,,,,,,,,,,,
2026-03-05,US500,ny_am,False,,no_selected_candidate,,,,,,,,,,,,,,,,,
2026-03-06,US500,london,False,,no_selected_candidate,,,,,,,,,,,,,,,,,
2026-03-06,US500,ny_am,True,REV,named_extreme_raid+htf_pd+mss,2026-03-06T09:00:00,bullish,6738.599,6769.651,risk:stop_not_protective,pdl,bearish,aligned,D_FVG_bear_2026-02-13,,,,,,sha256:f34f40f89ca8ed14,kernel_ticket:pass:kernel_session_ticket|direction:pass:determined|risk:FAIL:stop_not_protective|allowlist:FAIL:not_on_mint_allowlist|mode:pass:paper|contract:FAIL:hermes_integration_i0_ftn_never_actionable,
2026-03-09,US500,london,False,,no_selected_candidate,,,,,,,,,,,,,,,,,
2026-03-09,US500,ny_am,True,REV,named_extreme_raid+htf_pd+mss,2026-03-09T10:00:00,bullish,6652.751,6710.133,risk:stop_not_protective,pdl,bearish,aligned,D_FVG_bear_2026-02-13,,,,,,sha256:c49cee5f84c25be9,kernel_ticket:pass:kernel_session_ticket|direction:pass:determined|risk:FAIL:stop_not_protective|allowlist:FAIL:not_on_mint_allowlist|mode:pass:paper|contract:FAIL:hermes_integration_i0_ftn_never_actionable,
2026-03-10,US500,london,False,,no_selected_candidate,,,,,,,,,,,,,,,,,
2026-03-10,US500,ny_am,False,,no_selected_candidate,,,,,,,,,,,,,,,,,
2026-03-11,US500,london,False,,no_selected_candidate,,,,,,,,,,,,,,,,,
2026-03-11,US500,ny_am,False,,no_selected_candidate,,,,,,,,,,,,,,,,,
2026-03-12,US500,london,True,REV,named_extreme_raid+htf_pd+mss,2026-03-12T02:15:00,bullish,6712.154,6744.254,risk:stop_not_protective,pdl,bearish,qualified,D_FVG_bear_2026-02-13,,,,,,sha256:9a2995a4fc0c2e6b,kernel_ticket:pass:kernel_session_ticket|direction:pass:determined|risk:FAIL:stop_not_protective|allowlist:FAIL:not_on_mint_allowlist|mode:pass:paper|contract:FAIL:hermes_integration_i0_ftn_never_actionable,
2026-03-12,US500,ny_am,True,REV,named_extreme_raid+htf_pd+mss,2026-03-12T10:00:00,bullish,6698.899,6744.254,risk:stop_not_protective,pdl,bearish,aligned,D_FVG_bear_2026-02-13,,,,,,sha256:1cf6e697a0dccca2,kernel_ticket:pass:kernel_session_ticket|direction:pass:determined|risk:FAIL:stop_not_protective|allowlist:FAIL:not_on_mint_allowlist|mode:pass:paper|contract:FAIL:hermes_integration_i0_ftn_never_actionable,
2026-03-13,US500,london,True,REV,named_extreme_raid+htf_pd+mss,2026-03-13T03:15:00,bullish,6652.239,6666.942,risk:stop_not_protective,pdl,bearish,aligned,D_FVG_bear_2026-02-13,,,,,,sha256:48c76b50c95e76f4,kernel_ticket:pass:kernel_session_ticket|direction:pass:determined|risk:FAIL:stop_not_protective|allowlist:FAIL:not_on_mint_allowlist|mode:pass:paper|contract:FAIL:hermes_integration_i0_ftn_never_actionable,
2026-03-13,US500,ny_am,True,REV,named_extreme_raid+htf_pd+mss,2026-03-13T07:15:00,bullish,6690.751,6666.942,allowlist:not_on_mint_allowlist,pdl,bearish,qualified,D_FVG_bear_2026-02-13,,,,,,sha256:e52d2d9d4f64ce59,kernel_ticket:pass:kernel_session_ticket|direction:pass:determined|risk:pass:within_caps|allowlist:FAIL:not_on_mint_allowlist|mode:pass:paper|contract:FAIL:hermes_integration_i0_ftn_never_actionable,
2026-03-16,US500,london,False,,no_selected_candidate,,,,,,,,,,,,,,,,,
2026-03-16,US500,ny_am,False,,no_selected_candidate,,,,,,,,,,,,,,,,,
2026-03-17,US500,london,False,,no_selected_candidate,,,,,,,,,,,,,,,,,
2026-03-17,US500,ny_am,True,REV,named_extreme_raid+htf_pd+mss,2026-03-17T09:45:00,bearish,6745.139,6729.842,risk:stop_not_protective,pdh,bullish,aligned,D_FVG_bear_2026-03-13,,,,,,sha256:ff36ef047866675b,kernel_ticket:pass:kernel_session_ticket|direction:pass:determined|risk:FAIL:stop_not_protective|allowlist:FAIL:not_on_mint_allowlist|mode:pass:paper|contract:FAIL:hermes_integration_i0_ftn_never_actionable,
2026-03-18,US500,london,True,REV,named_extreme_raid+htf_pd+mss,2026-03-18T02:45:00,bearish,6756.136,6754.136,risk:stop_not_protective,pdh,bullish,aligned,D_FVG_bear_2026-03-13,,,,,,sha256:2b93e9a0c484556f,kernel_ticket:pass:kernel_session_ticket|direction:pass:determined|risk:FAIL:stop_not_protective|allowlist:FAIL:not_on_mint_allowlist|mode:pass:paper|contract:FAIL:hermes_integration_i0_ftn_never_actionable,
2026-03-18,US500,ny_am,True,REV,named_extreme_raid+htf_pd+mss,2026-03-18T07:15:00,bearish,6750.345,6754.136,allowlist:not_on_mint_allowlist,pdh,bullish,qualified,D_FVG_bear_2026-03-13,,,,,,sha256:cc0cbe78e5ce6a01,kernel_ticket:pass:kernel_session_ticket|direction:pass:determined|risk:pass:within_caps|allowlist:FAIL:not_on_mint_allowlist|mode:pass:paper|contract:FAIL:hermes_integration_i0_ftn_never_actionable,
2026-03-19,US500,london,True,REV,named_extreme_raid+htf_pd+mss,2026-03-19T03:30:00,bullish,6614.433,6609.845,allowlist:not_on_mint_allowlist,pdl,bearish,qualified,D_FVG_bear_2026-03-13,,,,,,sha256:7f86032a17e12ead,kernel_ticket:pass:kernel_session_ticket|direction:pass:determined|risk:pass:within_caps|allowlist:FAIL:not_on_mint_allowlist|mode:pass:paper|contract:FAIL:hermes_integration_i0_ftn_never_actionable,
2026-03-19,US500,ny_am,True,REV,named_extreme_raid+htf_pd+mss,2026-03-19T10:00:00,bullish,6594.033,6609.845,risk:stop_not_protective,pdl,bearish,qualified,D_FVG_bear_2026-03-13,,,,,,sha256:6bb2f34a6a7fd77f,kernel_ticket:pass:kernel_session_ticket|direction:pass:determined|risk:FAIL:stop_not_protective|allowlist:FAIL:not_on_mint_allowlist|mode:pass:paper|contract:FAIL:hermes_integration_i0_ftn_never_actionable,
2026-03-20,US500,london,False,,no_selected_candidate,,,,,,,,,,,,,,,,,
2026-03-20,US500,ny_am,True,REV,named_extreme_raid+htf_pd+mss,2026-03-20T07:15:00,bullish,6583.951,6558.833,allowlist:not_on_mint_allowlist,pdl,bearish,aligned,D_FVG_bear_2026-03-19,,,,,,sha256:d2f9cddec64f5569,kernel_ticket:pass:kernel_session_ticket|direction:pass:determined|risk:pass:within_caps|allowlist:FAIL:not_on_mint_allowlist|mode:pass:paper|contract:FAIL:hermes_integration_i0_ftn_never_actionable,
2026-03-23,US500,london,True,REV,named_extreme_raid+htf_pd+mss,2026-03-23T02:15:00,bullish,6472.739,6473.936,risk:stop_not_protective,pdl,bearish,aligned,D_FVG_bear_2026-03-19,,,,,,sha256:44140d767c0a57cb,kernel_ticket:pass:kernel_session_ticket|direction:pass:determined|risk:FAIL:stop_not_protective|allowlist:FAIL:not_on_mint_allowlist|mode:pass:paper|contract:FAIL:hermes_integration_i0_ftn_never_actionable,
2026-03-23,US500,ny_am,False,,no_selected_candidate,,,,,,,,,,,,,,,,,
2026-03-24,US500,london,False,,no_selected_candidate,,,,,,,,,,,,,,,,,
2026-03-24,US500,ny_am,False,,no_selected_candidate,,,,,,,,,,,,,,,,,
2026-03-25,US500,london,True,REV,named_extreme_raid+htf_pd+mss,2026-03-25T02:15:00,bearish,6595.548,6601.939,allowlist:not_on_mint_allowlist,pdh,bearish,aligned,D_FVG_bear_2026-03-19,,,,,,sha256:ca674c8adc217aab,kernel_ticket:pass:kernel_session_ticket|direction:pass:determined|risk:pass:within_caps|allowlist:FAIL:not_on_mint_allowlist|mode:pass:paper|contract:FAIL:hermes_integration_i0_ftn_never_actionable,
2026-03-25,US500,ny_am,True,REV,named_extreme_raid+htf_pd+mss,2026-03-25T10:00:00,bearish,6589.648,6601.939,allowlist:not_on_mint_allowlist,pdh,bearish,aligned,D_FVG_bear_2026-03-19,,,,,,sha256:b1f1a5827e20767c,kernel_ticket:pass:kernel_session_ticket|direction:pass:determined|risk:pass:within_caps|allowlist:FAIL:not_on_mint_allowlist|mode:pass:paper|contract:FAIL:hermes_integration_i0_ftn_never_actionable,
2026-03-26,US500,london,True,REV,named_extreme_raid+htf_pd+mss,2026-03-26T02:30:00,bullish,6569.939,6567.242,allowlist:not_on_mint_allowlist,pdl,bearish,aligned,D_FVG_bear_2026-03-19,,,,,,sha256:8f6a7191e213d689,kernel_ticket:pass:kernel_session_ticket|direction:pass:determined|risk:pass:within_caps|allowlist:FAIL:not_on_mint_allowlist|mode:pass:paper|contract:FAIL:hermes_integration_i0_ftn_never_actionable,
2026-03-26,US500,ny_am,True,REV,named_extreme_raid+htf_pd+mss,2026-03-26T07:15:00,bullish,6544.599,6567.242,risk:stop_not_protective,pdl,bearish,qualified,D_FVG_bear_2026-03-19,,,,,,sha256:d6492a58812452e5,kernel_ticket:pass:kernel_session_ticket|direction:pass:determined|risk:FAIL:stop_not_protective|allowlist:FAIL:not_on_mint_allowlist|mode:pass:paper|contract:FAIL:hermes_integration_i0_ftn_never_actionable,
2026-03-27,US500,london,False,,no_selected_candidate,,,,,,,,,,,,,,,,,
2026-03-27,US500,ny_am,True,REV,named_extreme_raid+htf_pd+mss,2026-03-27T07:15:00,bullish,6448.633,6470.539,risk:stop_not_protective,pdl,bearish,aligned,D_FVG_bear_2026-03-19,,,,,,sha256:13521b61396da59d,kernel_ticket:pass:kernel_session_ticket|direction:pass:determined|risk:FAIL:stop_not_protective|allowlist:FAIL:not_on_mint_allowlist|mode:pass:paper|contract:FAIL:hermes_integration_i0_ftn_never_actionable,
2026-03-30,US500,london,False,,no_selected_candidate,,,,,,,,,,,,,,,,,
2026-03-30,US500,ny_am,False,,no_selected_candidate,,,,,,,,,,,,,,,,,
2026-03-31,US500,london,False,,no_selected_candidate,,,,,,,,,,,,,,,,,
2026-03-31,US500,ny_am,False,,no_selected_candidate,,,,,,,,,,,,,,,,,
2026-04-01,US500,london,True,REV,named_extreme_raid+htf_pd+mss,2026-04-01T02:15:00,bearish,6558.839,6539.451,risk:stop_not_protective,pdh,bullish,aligned,D_FVG_bear_2026-03-30,,,,,,sha256:17a17d5b344e4730,kernel_ticket:pass:kernel_session_ticket|direction:pass:determined|risk:FAIL:stop_not_protective|allowlist:FAIL:not_on_mint_allowlist|mode:pass:paper|contract:FAIL:hermes_integration_i0_ftn_never_actionable,
2026-04-01,US500,ny_am,True,REV,named_extreme_raid+htf_pd+mss,2026-04-01T07:15:00,bearish,6577.648,6539.451,risk:stop_not_protective,pdh,bullish,aligned,D_FVG_bear_2026-03-27,,,,,,sha256:af419419a5a68b5d,kernel_ticket:pass:kernel_session_ticket|direction:pass:determined|risk:FAIL:stop_not_protective|allowlist:FAIL:not_on_mint_allowlist|mode:pass:paper|contract:FAIL:hermes_integration_i0_ftn_never_actionable,
2026-04-02,US500,london,False,,no_selected_candidate,,,,,,,,,,,,,,,,,
2026-04-02,US500,ny_am,True,REV,named_extreme_raid+htf_pd+mss,2026-04-02T07:15:00,bullish,6481.336,6518.048,risk:stop_not_protective,pdl,bullish,qualified,D_FVG_bear_2026-03-30,,,,,,sha256:afa8be28317f5182,kernel_ticket:pass:kernel_session_ticket|direction:pass:determined|risk:FAIL:stop_not_protective|allowlist:FAIL:not_on_mint_allowlist|mode:pass:paper|contract:FAIL:hermes_integration_i0_ftn_never_actionable,
2026-04-06,US500,london,False,,no_selected_candidate,,,,,,,,,,,,,,,,,
2026-04-06,US500,ny_am,True,REV,named_extreme_raid+htf_pd+mss,2026-04-06T07:15:00,bearish,6588.145,6603.542,allowlist:not_on_mint_allowlist,pdh,bullish,qualified,D_FVG_bear_2026-03-27,,,,,,sha256:70ec7907a70ee6ae,kernel_ticket:pass:kernel_session_ticket|direction:pass:determined|risk:pass:within_caps|allowlist:FAIL:not_on_mint_allowlist|mode:pass:paper|contract:FAIL:hermes_integration_i0_ftn_never_actionable,
2026-04-07,US500,london,False,,no_selected_candidate,,,,,,,,,,,,,,,,,
2026-04-07,US500,ny_am,True,REV,named_extreme_raid+htf_pd+mss,2026-04-07T07:15:00,bearish,6584.239,6620.336,allowlist:not_on_mint_allowlist,pdh,bullish,qualified,D_FVG_bear_2026-03-27,,,,,,sha256:9cbc140fca62d1a5,kernel_ticket:pass:kernel_session_ticket|direction:pass:determined|risk:pass:within_caps|allowlist:FAIL:not_on_mint_allowlist|mode:pass:paper|contract:FAIL:hermes_integration_i0_ftn_never_actionable,
2026-04-08,US500,london,True,REV,named_extreme_raid+htf_pd+mss,2026-04-08T02:15:00,bearish,6797.045,6626.742,risk:stop_not_protective,pdh,bullish,aligned,D_FVG_bear_2026-03-13,,,,,,sha256:a45ab6a3b85a2da4,kernel_ticket:pass:kernel_session_ticket|direction:pass:determined|risk:FAIL:stop_not_protective|allowlist:FAIL:not_on_mint_allowlist|mode:pass:paper|contract:FAIL:hermes_integration_i0_ftn_never_actionable,
2026-04-08,US500,ny_am,False,,no_selected_candidate,,,,,,,,,,,,,,,,,
2026-04-09,US500,london,False,,no_selected_candidate,,,,,,,,,,,,,,,,,
2026-04-09,US500,ny_am,False,,no_selected_candidate,,,,,,,,,,,,,,,,,
2026-04-10,US500,london,False,,no_selected_candidate,,,,,,,,,,,,,,,,,
2026-04-10,US500,ny_am,True,REV,named_extreme_raid+htf_pd+mss,2026-04-10T08:45:00,bearish,6834.154,6835.439,allowlist:not_on_mint_allowlist,pdh,bullish,qualified,D_FVG_bear_2026-03-13,,,,,,sha256:04ce4da4cf331413,kernel_ticket:pass:kernel_session_ticket|direction:pass:determined|risk:pass:within_caps|allowlist:FAIL:not_on_mint_allowlist|mode:pass:paper|contract:FAIL:hermes_integration_i0_ftn_never_actionable,
2026-04-13,US500,london,False,,no_selected_candidate,,,,,,,,,,,,,,,,,
2026-04-13,US500,ny_am,False,,no_selected_candidate,,,,,,,,,,,,,,,,,
2026-04-14,US500,london,False,,no_selected_candidate,,,,,,,,,,,,,,,,,
2026-04-14,US500,ny_am,True,REV,named_extreme_raid+htf_pd+mss,2026-04-14T07:15:00,bearish,6893.733,6887.033,risk:stop_not_protective,pdh,bullish,qualified,D_FVG_bull_2026-04-09,,,,,,sha256:4fd90a9d7e5cbbd6,kernel_ticket:pass:kernel_session_ticket|direction:pass:determined|risk:FAIL:stop_not_protective|allowlist:FAIL:not_on_mint_allowlist|mode:pass:paper|contract:FAIL:hermes_integration_i0_ftn_never_actionable,
2026-04-15,US500,london,False,,no_selected_candidate,,,,,,,,,,,,,,,,,
2026-04-15,US500,ny_am,True,REV,named_extreme_raid+htf_pd+mss,2026-04-15T10:00:00,bearish,6979.899,6969.433,risk:stop_not_protective,pdh,bullish,aligned,D_FVG_bull_2026-04-14,,,,,,sha256:954746eb2eea251e,kernel_ticket:pass:kernel_session_ticket|direction:pass:determined|risk:FAIL:stop_not_protective|allowlist:FAIL:not_on_mint_allowlist|mode:pass:paper|contract:FAIL:hermes_integration_i0_ftn_never_actionable,
2026-04-16,US500,london,True,REV,named_extreme_raid+htf_pd+mss,2026-04-16T02:15:00,bearish,7039.345,7026.348,risk:stop_not_protective,pdh,bullish,aligned,D_FVG_bull_2026-04-15,,,,,,sha256:3be98d731ba030f8,kernel_ticket:pass:kernel_session_ticket|direction:pass:determined|risk:FAIL:stop_not_protective|allowlist:FAIL:not_on_mint_allowlist|mode:pass:paper|contract:FAIL:hermes_integration_i0_ftn_never_actionable,
2026-04-16,US500,ny_am,False,,no_selected_candidate,,,,,,,,,,,,,,,,,
2026-04-17,US500,london,False,,no_selected_candidate,,,,,,,,,,,,,,,,,
2026-04-17,US500,ny_am,True,REV,named_extreme_raid+htf_pd+mss,2026-04-17T07:45:00,bearish,7062.145,7050.999,risk:stop_not_protective,pdh,bullish,qualified,D_FVG_bull_2026-04-16,,,,,,sha256:ab6283b968c84f58,kernel_ticket:pass:kernel_session_ticket|direction:pass:determined|risk:FAIL:stop_not_protective|allowlist:FAIL:not_on_mint_allowlist|mode:pass:paper|contract:FAIL:hermes_integration_i0_ftn_never_actionable,
2026-04-20,US500,london,False,,no_selected_candidate,,,,,,,,,,,,,,,,,
2026-04-20,US500,ny_am,False,,no_selected_candidate,,,,,,,,,,,,,,,,,
2026-04-21,US500,london,True,REV,named_extreme_raid+htf_pd+mss,2026-04-21T02:15:00,bearish,7128.448,7122.754,risk:stop_not_protective,pdh,bullish,qualified,D_FVG_bull_2026-04-17,,,,,,sha256:0d50482052c5b457,kernel_ticket:pass:kernel_session_ticket|direction:pass:determined|risk:FAIL:stop_not_protective|allowlist:FAIL:not_on_mint_allowlist|mode:pass:paper|contract:FAIL:hermes_integration_i0_ftn_never_actionable,
2026-04-21,US500,ny_am,True,REV,named_extreme_raid+htf_pd+mss,2026-04-21T07:15:00,bearish,7136.639,7122.754,risk:stop_not_protective,pdh,bullish,aligned,D_FVG_bull_2026-04-17,,,,,,sha256:1c4a4a3e363b8304,kernel_ticket:pass:kernel_session_ticket|direction:pass:determined|risk:FAIL:stop_not_protective|allowlist:FAIL:not_on_mint_allowlist|mode:pass:paper|contract:FAIL:hermes_integration_i0_ftn_never_actionable,
2026-04-22,US500,london,False,,no_selected_candidate,,,,,,,,,,,,,,,,,
2026-04-22,US500,ny_am,False,,no_selected_candidate,,,,,,,,,,,,,,,,,
2026-04-23,US500,london,False,,no_selected_candidate,,,,,,,,,,,,,,,,,
2026-04-23,US500,ny_am,False,,no_selected_candidate,,,,,,,,,,,,,,,,,
2026-04-24,US500,london,False,,no_selected_candidate,,,,,,,,,,,,,,,,,
2026-04-24,US500,ny_am,False,,no_selected_candidate,,,,,,,,,,,,,,,,,
2026-04-27,US500,london,False,,no_selected_candidate,,,,,,,,,,,,,,,,,
2026-04-27,US500,ny_am,True,REV,named_extreme_raid+htf_pd+mss,2026-04-27T10:00:00,bearish,7163.633,7168.241,allowlist:not_on_mint_allowlist,pdh,bullish,aligned,D_FVG_bull_2026-04-17,,,,,,sha256:9fc35967eb8d3453,kernel_ticket:pass:kernel_session_ticket|direction:pass:determined|risk:pass:within_caps|allowlist:FAIL:not_on_mint_allowlist|mode:pass:paper|contract:FAIL:hermes_integration_i0_ftn_never_actionable,
2026-04-28,US500,london,False,,no_selected_candidate,,,,,,,,,,,,,,,,,
2026-04-28,US500,ny_am,False,,no_selected_candidate,,,,,,,,,,,,,,,,,
2026-04-29,US500,london,False,,no_selected_candidate,,,,,,,,,,,,,,,,,
2026-04-29,US500,ny_am,False,,no_selected_candidate,,,,,,,,,,,,,,,,,
2026-04-30,US500,london,False,,no_selected_candidate,,,,,,,,,,,,,,,,,
2026-04-30,US500,ny_am,False,,no_selected_candidate,,,,,,,,,,,,,,,,,
2026-05-01,US500,london,False,,no_selected_candidate,,,,,,,,,,,,,,,,,
2026-05-01,US500,ny_am,True,REV,named_extreme_raid+htf_pd+mss,2026-05-01T10:00:00,bearish,7264.648,7222.048,risk:stop_not_protective,pdh,bullish,aligned,D_FVG_bull_2026-04-17,,,,,,sha256:3d26249aedb59304,kernel_ticket:pass:kernel_session_ticket|direction:pass:determined|risk:FAIL:stop_not_protective|allowlist:FAIL:not_on_mint_allowlist|mode:pass:paper|contract:FAIL:hermes_integration_i0_ftn_never_actionable,
2026-05-04,US500,london,False,,no_selected_candidate,,,,,,,,,,,,,,,,,
2026-05-04,US500,ny_am,False,,no_selected_candidate,,,,,,,,,,,,,,,,,
2026-05-05,US500,london,False,,no_selected_candidate,,,,,,,,,,,,,,,,,
2026-05-05,US500,ny_am,False,,no_selected_candidate,,,,,,,,,,,,,,,,,
2026-05-06,US500,london,True,REV,named_extreme_raid+htf_pd+mss,2026-05-06T02:15:00,bearish,7283.699,7272.554,risk:stop_not_protective,pdh,bullish,aligned,D_FVG_bull_2026-05-01,,,,,,sha256:ff48c49e45ca52f2,kernel_ticket:pass:kernel_session_ticket|direction:pass:determined|risk:FAIL:stop_not_protective|allowlist:FAIL:not_on_mint_allowlist|mode:pass:paper|contract:FAIL:hermes_integration_i0_ftn_never_actionable,
2026-05-06,US500,ny_am,True,REV,named_extreme_raid+htf_pd+mss,2026-05-06T07:15:00,bearish,7335.445,7272.554,risk:stop_not_protective,pdh,bullish,aligned,D_FVG_bull_2026-05-01,,,,,,sha256:8b3d750ebb47b621,kernel_ticket:pass:kernel_session_ticket|direction:pass:determined|risk:FAIL:stop_not_protective|allowlist:FAIL:not_on_mint_allowlist|mode:pass:paper|contract:FAIL:hermes_integration_i0_ftn_never_actionable,
2026-05-07,US500,london,True,REV,named_extreme_raid+htf_pd+mss,2026-05-07T02:15:00,bearish,7364.454,7369.048,allowlist:not_on_mint_allowlist,pdh,bullish,aligned,D_FVG_bull_2026-05-06,,,,,,sha256:8715cfc1a586b8f2,kernel_ticket:pass:kernel_session_ticket|direction:pass:determined|risk:pass:within_caps|allowlist:FAIL:not_on_mint_allowlist|mode:pass:paper|contract:FAIL:hermes_integration_i0_ftn_never_actionable,
2026-05-07,US500,ny_am,True,REV,named_extreme_raid+htf_pd+mss,2026-05-07T07:15:00,bearish,7370.433,7369.048,risk:stop_not_protective,pdh,bullish,aligned,D_FVG_bull_2026-05-06,,,,,,sha256:34662697e9e25716,kernel_ticket:pass:kernel_session_ticket|direction:pass:determined|risk:FAIL:stop_not_protective|allowlist:FAIL:not_on_mint_allowlist|mode:pass:paper|contract:FAIL:hermes_integration_i0_ftn_never_actionable,
2026-05-08,US500,london,False,,no_selected_candidate,,,,,,,,,,,,,,,,,
2026-05-08,US500,ny_am,False,,no_selected_candidate,,,,,,,,,,,,,,,,,
2026-05-11,US500,london,False,,no_selected_candidate,,,,,,,,,,,,,,,,,
2026-05-11,US500,ny_am,True,REV,named_extreme_raid+htf_pd+mss,2026-05-11T10:00:00,bearish,7408.448,7403.248,risk:stop_not_protective,pdh,bullish,aligned,D_FVG_bull_2026-05-07,,,,,,sha256:5ebdbe13ecbf9555,kernel_ticket:pass:kernel_session_ticket|direction:pass:determined|risk:FAIL:stop_not_protective|allowlist:FAIL:not_on_mint_allowlist|mode:pass:paper|contract:FAIL:hermes_integration_i0_ftn_never_actionable,
2026-05-12,US500,london,False,,no_selected_candidate,,,,,,,,,,,,,,,,,
2026-05-12,US500,ny_am,False,,no_selected_candidate,,,,,,,,,,,,,,,,,
2026-05-13,US500,london,False,,no_selected_candidate,,,,,,,,,,,,,,,,,
2026-05-13,US500,ny_am,False,,no_selected_candidate,,,,,,,,,,,,,,,,,
2026-05-14,US500,london,True,REV,named_extreme_raid+htf_pd+mss,2026-05-14T04:00:00,bearish,7456.036,7459.799,allowlist:not_on_mint_allowlist,pdh,bullish,qualified,D_FVG_bull_2026-05-07,,,,,,sha256:f17fa1580cb985a4,kernel_ticket:pass:kernel_session_ticket|direction:pass:determined|risk:pass:within_caps|allowlist:FAIL:not_on_mint_allowlist|mode:pass:paper|contract:FAIL:hermes_integration_i0_ftn_never_actionable,
2026-05-14,US500,ny_am,True,REV,named_extreme_raid+htf_pd+mss,2026-05-14T07:15:00,bearish,7470.033,7459.799,risk:stop_not_protective,pdh,bullish,aligned,D_FVG_bull_2026-05-07,,,,,,sha256:1fb62a44f3707d10,kernel_ticket:pass:kernel_session_ticket|direction:pass:determined|risk:FAIL:stop_not_protective|allowlist:FAIL:not_on_mint_allowlist|mode:pass:paper|contract:FAIL:hermes_integration_i0_ftn_never_actionable,
2026-05-15,US500,london,False,,no_selected_candidate,,,,,,,,,,,,,,,,,
2026-05-15,US500,ny_am,False,,no_selected_candidate,,,,,,,,,,,,,,,,,
2026-05-18,US500,london,True,REV,named_extreme_raid+htf_pd+mss,2026-05-18T02:15:00,bullish,7364.699,7387.954,risk:stop_not_protective,pdl,bearish,aligned,D_FVG_bull_2026-05-14,,,,,,sha256:ac8eed93c63ebb5e,kernel_ticket:pass:kernel_session_ticket|direction:pass:determined|risk:FAIL:stop_not_protective|allowlist:FAIL:not_on_mint_allowlist|mode:pass:paper|contract:FAIL:hermes_integration_i0_ftn_never_actionable,
2026-05-18,US500,ny_am,False,,no_selected_candidate,,,,,,,,,,,,,,,,,
2026-05-19,US500,london,False,,no_selected_candidate,,,,,,,,,,,,,,,,,
2026-05-19,US500,ny_am,False,,no_selected_candidate,,,,,,,,,,,,,,,,,
2026-05-20,US500,london,False,,no_selected_candidate,,,,,,,,,,,,,,,,,
2026-05-20,US500,ny_am,False,,no_selected_candidate,,,,,,,,,,,,,,,,,
2026-05-21,US500,london,True,REV,named_extreme_raid+htf_pd+mss,2026-05-21T04:30:00,bearish,7438.433,7437.754,risk:stop_not_protective,pdh,bullish,aligned,D_FVG_bull_2026-05-07,,,,,,sha256:8d95f84d962d63ab,kernel_ticket:pass:kernel_session_ticket|direction:pass:determined|risk:FAIL:stop_not_protective|allowlist:FAIL:not_on_mint_allowlist|mode:pass:paper|contract:FAIL:hermes_integration_i0_ftn_never_actionable,
2026-05-21,US500,ny_am,True,REV,named_extreme_raid+htf_pd+mss,2026-05-21T07:15:00,bearish,7407.833,7437.754,allowlist:not_on_mint_allowlist,pdh,bullish,qualified,D_FVG_bull_2026-05-07,,,,,,sha256:bf91b74e987875a6,kernel_ticket:pass:kernel_session_ticket|direction:pass:determined|risk:pass:within_caps|allowlist:FAIL:not_on_mint_allowlist|mode:pass:paper|contract:FAIL:hermes_integration_i0_ftn_never_actionable,
2026-05-22,US500,london,True,REV,named_extreme_raid+htf_pd+mss,2026-05-22T02:15:00,bearish,7471.236,7466.899,risk:stop_not_protective,pdh,bullish,qualified,D_FVG_bear_2026-05-18,,,,,,sha256:9d6d9357b9edee94,kernel_ticket:pass:kernel_session_ticket|direction:pass:determined|risk:FAIL:stop_not_protective|allowlist:FAIL:not_on_mint_allowlist|mode:pass:paper|contract:FAIL:hermes_integration_i0_ftn_never_actionable,
2026-05-22,US500,ny_am,True,REV,named_extreme_raid+htf_pd+mss,2026-05-22T10:00:00,bearish,7492.845,7466.899,risk:stop_not_protective,pdh,bullish,aligned,D_FVG_bear_2026-05-18,,,,,,sha256:d85e4036e0e87bfd,kernel_ticket:pass:kernel_session_ticket|direction:pass:determined|risk:FAIL:stop_not_protective|allowlist:FAIL:not_on_mint_allowlist|mode:pass:paper|contract:FAIL:hermes_integration_i0_ftn_never_actionable,
2026-05-26,US500,london,False,,no_selected_candidate,,,,,,,,,,,,,,,,,
2026-05-26,US500,ny_am,True,REV,named_extreme_raid+htf_pd+mss,2026-05-26T10:00:00,bearish,7524.548,7506.899,risk:stop_not_protective,pdh,bullish,qualified,D_FVG_bull_2026-05-22,,,,,,sha256:5ae48ae13654e063,kernel_ticket:pass:kernel_session_ticket|direction:pass:determined|risk:FAIL:stop_not_protective|allowlist:FAIL:not_on_mint_allowlist|mode:pass:paper|contract:FAIL:hermes_integration_i0_ftn_never_actionable,
2026-05-27,US500,london,False,,no_selected_candidate,,,,,,,,,,,,,,,,,
2026-05-27,US500,ny_am,False,,no_selected_candidate,,,,,,,,,,,,,,,,,
2026-05-28,US500,london,False,,no_selected_candidate,,,,,,,,,,,,,,,,,
2026-05-28,US500,ny_am,True,REV,named_extreme_raid+htf_pd+mss,2026-05-28T07:15:00,bullish,7502.945,7499.045,allowlist:not_on_mint_allowlist,pdl,bullish,qualified,D_FVG_bull_2026-05-26,,,,,,sha256:e0e11adbe522620d,kernel_ticket:pass:kernel_session_ticket|direction:pass:determined|risk:pass:within_caps|allowlist:FAIL:not_on_mint_allowlist|mode:pass:paper|contract:FAIL:hermes_integration_i0_ftn_never_actionable,
2026-05-29,US500,london,True,REV,named_extreme_raid+htf_pd+mss,2026-05-29T03:30:00,bearish,7570.233,7572.839,allowlist:not_on_mint_allowlist,pdh,bullish,aligned,D_FVG_bull_2026-05-26,,,,,,sha256:598076a341c9dab6,kernel_ticket:pass:kernel_session_ticket|direction:pass:determined|risk:pass:within_caps|allowlist:FAIL:not_on_mint_allowlist|mode:pass:paper|contract:FAIL:hermes_integration_i0_ftn_never_actionable,
2026-05-29,US500,ny_am,True,REV,named_extreme_raid+htf_pd+mss,2026-05-29T10:00:00,bearish,7594.899,7572.839,risk:stop_not_protective,pdh,bullish,aligned,D_FVG_bull_2026-05-26,,,,,,sha256:a0c67b00b42164c2,kernel_ticket:pass:kernel_session_ticket|direction:pass:determined|risk:FAIL:stop_not_protective|allowlist:FAIL:not_on_mint_allowlist|mode:pass:paper|contract:FAIL:hermes_integration_i0_ftn_never_actionable,
2026-06-01,US500,london,True,REV,named_extreme_raid+htf_pd+mss,2026-06-01T02:15:00,bearish,7604.245,7597.499,risk:stop_not_protective,pdh,bullish,aligned,D_FVG_bull_2026-05-29,,,,,,sha256:dc4f19ffb6db2c86,kernel_ticket:pass:kernel_session_ticket|direction:pass:determined|risk:FAIL:stop_not_protective|allowlist:FAIL:not_on_mint_allowlist|mode:pass:paper|contract:FAIL:hermes_integration_i0_ftn_never_actionable,
2026-06-01,US500,ny_am,False,,no_selected_candidate,,,,,,,,,,,,,,,,,
2026-06-02,US500,london,False,,no_selected_candidate,,,,,,,,,,,,,,,,,
2026-06-02,US500,ny_am,False,,no_selected_candidate,,,,,,,,,,,,,,,,,
2026-06-03,US500,london,False,,no_selected_candidate,,,,,,,,,,,,,,,,,
2026-06-03,US500,ny_am,False,,no_selected_candidate,,,,,,,,,,,,,,,,,
2026-06-04,US500,london,False,,no_selected_candidate,,,,,,,,,,,,,,,,,
2026-06-04,US500,ny_am,False,,no_selected_candidate,,,,,,,,,,,,,,,,,
2026-06-05,US500,london,False,,no_selected_candidate,,,,,,,,,,,,,,,,,
2026-06-05,US500,ny_am,False,,no_selected_candidate,,,,,,,,,,,,,,,,,
2026-06-08,US500,london,False,,no_selected_candidate,,,,,,,,,,,,,,,,,
2026-06-08,US500,ny_am,False,,no_selected_candidate,,,,,,,,,,,,,,,,,
2026-06-09,US500,london,False,,no_selected_candidate,,,,,,,,,,,,,,,,,
2026-06-09,US500,ny_am,False,,no_selected_candidate,,,,,,,,,,,,,,,,,
2026-06-10,US500,london,False,,no_selected_candidate,,,,,,,,,,,,,,,,,
2026-06-10,US500,ny_am,False,,no_selected_candidate,,,,,,,,,,,,,,,,,
2026-06-11,US500,london,False,,no_selected_candidate,,,,,,,,,,,,,,,,,
2026-06-11,US500,ny_am,False,,no_selected_candidate,,,,,,,,,,,,,,,,,
2026-06-12,US500,london,False,,no_selected_candidate,,,,,,,,,,,,,,,,,
2026-06-12,US500,ny_am,False,,no_selected_candidate,,,,,,,,,,,,,,,,,
2026-06-15,US500,london,True,REV,named_extreme_raid+htf_pd+mss,2026-06-15T02:30:00,bearish,7522.242,7456.954,risk:stop_not_protective,pdh,bullish,aligned,D_FVG_bear_2026-06-08,,,,,,sha256:6c847ab15aa10306,kernel_ticket:pass:kernel_session_ticket|direction:pass:determined|risk:FAIL:stop_not_protective|allowlist:FAIL:not_on_mint_allowlist|mode:pass:paper|contract:FAIL:hermes_integration_i0_ftn_never_actionable,
2026-06-15,US500,ny_am,True,REV,named_extreme_raid+htf_pd+mss,2026-06-15T10:00:00,bearish,7544.142,7456.954,risk:stop_not_protective,pdh,bullish,aligned,D_FVG_bear_2026-06-08,,,,,,sha256:68418a0e8b3946dd,kernel_ticket:pass:kernel_session_ticket|direction:pass:determined|risk:FAIL:stop_not_protective|allowlist:FAIL:not_on_mint_allowlist|mode:pass:paper|contract:FAIL:hermes_integration_i0_ftn_never_actionable,
2026-06-16,US500,london,False,,no_selected_candidate,,,,,,,,,,,,,,,,,
2026-06-16,US500,ny_am,False,,no_selected_candidate,,,,,,,,,,,,,,,,,
2026-06-17,US500,london,False,,no_selected_candidate,,,,,,,,,,,,,,,,,
2026-06-17,US500,ny_am,False,,no_selected_candidate,,,,,,,,,,,,,,,,,
2026-06-18,US500,london,False,,no_selected_candidate,,,,,,,,,,,,,,,,,
2026-06-18,US500,ny_am,False,,no_selected_candidate,,,,,,,,,,,,,,,,,
2026-06-22,US500,london,False,,no_selected_candidate,,,,,,,,,,,,,,,,,
2026-06-22,US500,ny_am,True,REV,named_extreme_raid+htf_pd+mss,2026-06-22T10:00:00,bearish,7528.036,7512.154,risk:stop_not_protective,pdh,bullish,aligned,D_FVG_bear_2026-06-08,,,,,,sha256:5e691667d91eed18,kernel_ticket:pass:kernel_session_ticket|direction:pass:determined|risk:FAIL:stop_not_protective|allowlist:FAIL:not_on_mint_allowlist|mode:pass:paper|contract:FAIL:hermes_integration_i0_ftn_never_actionable,
2026-06-23,US500,london,False,,no_selected_candidate,,,,,,,,,,,,,,,,,
2026-06-23,US500,ny_am,False,,no_selected_candidate,,,,,,,,,,,,,,,,,
2026-06-24,US500,london,False,,no_selected_candidate,,,,,,,,,,,,,,,,,
2026-06-24,US500,ny_am,False,,no_selected_candidate,,,,,,,,,,,,,,,,,
2026-06-25,US500,london,False,,no_selected_candidate,,,,,,,,,,,,,,,,,
2026-06-25,US500,ny_am,False,,no_selected_candidate,,,,,,,,,,,,,,,,,
2026-06-26,US500,london,True,REV,named_extreme_raid+htf_pd+mss,2026-06-26T02:15:00,bullish,7309.498,7322.799,risk:stop_not_protective,pdl,bearish,qualified,D_FVG_bear_2026-06-24,,,,,,sha256:3e107a98910e21c1,kernel_ticket:pass:kernel_session_ticket|direction:pass:determined|risk:FAIL:stop_not_protective|allowlist:FAIL:not_on_mint_allowlist|mode:pass:paper|contract:FAIL:hermes_integration_i0_ftn_never_actionable,
2026-06-26,US500,ny_am,False,,no_selected_candidate,,,,,,,,,,,,,,,,,
2026-06-29,US500,london,False,,no_selected_candidate,,,,,,,,,,,,,,,,,
2026-06-29,US500,ny_am,True,REV,named_extreme_raid+htf_pd+mss,2026-06-29T07:15:00,bearish,7398.736,7393.845,risk:stop_not_protective,pdh,bearish,qualified,D_FVG_bear_2026-06-24,,,,,,sha256:3d3fdd8e6ba9a5ee,kernel_ticket:pass:kernel_session_ticket|direction:pass:determined|risk:FAIL:stop_not_protective|allowlist:FAIL:not_on_mint_allowlist|mode:pass:paper|contract:FAIL:hermes_integration_i0_ftn_never_actionable,
2026-06-30,US500,london,True,REV,named_extreme_raid+htf_pd+mss,2026-06-30T04:30:00,bearish,7448.881,7444.221,risk:stop_not_protective,pdh,bullish,qualified,D_FVG_bear_2026-06-24,,,,,,sha256:5274c856287c3cc8,kernel_ticket:pass:kernel_session_ticket|direction:pass:determined|risk:FAIL:stop_not_protective|allowlist:FAIL:not_on_mint_allowlist|mode:pass:paper|contract:FAIL:hermes_integration_i0_ftn_never_actionable,
2026-06-30,US500,ny_am,True,REV,named_extreme_raid+htf_pd+mss,2026-06-30T10:00:00,bearish,7466.892,7444.221,risk:stop_not_protective,pdh,bullish,aligned,D_FVG_bear_2026-06-24,,,,,,sha256:6ba0e1dacdbdeac7,kernel_ticket:pass:kernel_session_ticket|direction:pass:determined|risk:FAIL:stop_not_protective|allowlist:FAIL:not_on_mint_allowlist|mode:pass:paper|contract:FAIL:hermes_integration_i0_ftn_never_actionable,
2026-07-01,US500,london,False,,no_selected_candidate,,,,,,,,,,,,,,,,,
2026-07-01,US500,ny_am,False,,no_selected_candidate,,,,,,,,,,,,,,,,,
2026-07-02,US500,london,False,,no_selected_candidate,,,,,,,,,,,,,,,,,
2026-07-02,US500,ny_am,False,,no_selected_candidate,,,,,,,,,,,,,,,,,
2026-07-06,US500,london,False,,no_selected_candidate,,,,,,,,,,,,,,,,,
2026-07-06,US500,ny_am,False,,no_selected_candidate,,,,,,,,,,,,,,,,,
2026-07-07,US500,london,False,,no_selected_candidate,,,,,,,,,,,,,,,,,
2026-07-07,US500,ny_am,False,,no_selected_candidate,,,,,,,,,,,,,,,,,
2026-07-08,US500,london,True,REV,named_extreme_raid+htf_pd+mss,2026-07-08T04:45:00,bullish,7436.328,7478.182,risk:stop_not_protective,pdl,bearish,qualified,D_FVG_bull_2026-07-01,,,,,,sha256:0a5e9d6d795787c4,kernel_ticket:pass:kernel_session_ticket|direction:pass:determined|risk:FAIL:stop_not_protective|allowlist:FAIL:not_on_mint_allowlist|mode:pass:paper|contract:FAIL:hermes_integration_i0_ftn_never_actionable,
2026-07-08,US500,ny_am,True,REV,named_extreme_raid+htf_pd+mss,2026-07-08T07:15:00,bullish,7434.933,7478.182,risk:stop_not_protective,pdl,bearish,qualified,D_FVG_bull_2026-07-01,,,,,,sha256:99f4700168dec541,kernel_ticket:pass:kernel_session_ticket|direction:pass:determined|risk:FAIL:stop_not_protective|allowlist:FAIL:not_on_mint_allowlist|mode:pass:paper|contract:FAIL:hermes_integration_i0_ftn_never_actionable,
2026-07-09,US500,london,False,,no_selected_candidate,,,,,,,,,,,,,,,,,
2026-07-09,US500,ny_am,False,,no_selected_candidate,,,,,,,,,,,,,,,,,
2026-07-10,US500,london,False,,no_selected_candidate,,,,,,,,,,,,,,,,,
2026-07-10,US500,ny_am,True,REV,named_extreme_raid+htf_pd+mss,2026-07-10T08:45:00,bearish,7542.559,7546.689,allowlist:not_on_mint_allowlist,pdh,bullish,qualified,D_FVG_bull_2026-06-16,,,,,,sha256:7af393b29d5715db,kernel_ticket:pass:kernel_session_ticket|direction:pass:determined|risk:pass:within_caps|allowlist:FAIL:not_on_mint_allowlist|mode:pass:paper|contract:FAIL:hermes_integration_i0_ftn_never_actionable,
2026-07-13,US500,london,False,,no_selected_candidate,,,,,,,,,,,,,,,,,
2026-07-13,US500,ny_am,False,,no_selected_candidate,,,,,,,,,,,,,,,,,
2026-07-14,US500,london,False,,no_selected_candidate,,,,,,,,,,,,,,,,,
2026-07-14,US500,ny_am,False,,no_selected_candidate,,,,,,,,,,,,,,,,,
2026-07-15,US500,london,True,REV,named_extreme_raid+htf_pd+mss,2026-07-15T02:15:00,bearish,7563.874,7568.736,allowlist:not_on_mint_allowlist,pdh,bullish,qualified,D_FVG_bull_2026-06-16,,,,,,sha256:5b9ed8e891d65ff8,kernel_ticket:pass:kernel_session_ticket|direction:pass:determined|risk:pass:within_caps|allowlist:FAIL:not_on_mint_allowlist|mode:pass:paper|contract:FAIL:hermes_integration_i0_ftn_never_actionable,
2026-07-15,US500,ny_am,True,REV,named_extreme_raid+htf_pd+mss,2026-07-15T10:00:00,bearish,7570.371,7568.736,risk:stop_not_protective,pdh,bullish,aligned,D_FVG_bull_2026-06-16,,,,,,sha256:a3192260a76b30b5,kernel_ticket:pass:kernel_session_ticket|direction:pass:determined|risk:FAIL:stop_not_protective|allowlist:FAIL:not_on_mint_allowlist|mode:pass:paper|contract:FAIL:hermes_integration_i0_ftn_never_actionable,
2026-07-16,US500,london,True,REV,named_extreme_raid+htf_pd+mss,2026-07-16T02:15:00,bearish,7577.819,7581.871,allowlist:not_on_mint_allowlist,pdh,bullish,qualified,D_FVG_bull_2026-06-16,,,,,,sha256:fc57fc1332f333e6,kernel_ticket:pass:kernel_session_ticket|direction:pass:determined|risk:pass:within_caps|allowlist:FAIL:not_on_mint_allowlist|mode:pass:paper|contract:FAIL:hermes_integration_i0_ftn_never_actionable,
2026-07-16,US500,ny_am,False,,no_selected_candidate,,,,,,,,,,,,,,,,,
2026-07-17,US500,london,False,,no_selected_candidate,,,,,,,,,,,,,,,,,
2026-07-17,US500,ny_am,True,REV,named_extreme_raid+htf_pd+mss,2026-07-17T09:30:00,bullish,7443.089,7504.106,risk:stop_not_protective,pdl,bearish,aligned,D_FVG_bull_2026-07-01,,,,,,sha256:ee4977d758f142c3,kernel_ticket:pass:kernel_session_ticket|direction:pass:determined|risk:FAIL:stop_not_protective|allowlist:FAIL:not_on_mint_allowlist|mode:pass:paper|contract:FAIL:hermes_integration_i0_ftn_never_actionable,
2026-07-20,US500,london,False,,no_selected_candidate,,,,,,,,,,,,,,,,,
2026-07-20,US500,ny_am,False,,no_selected_candidate,,,,,,,,,,,,,,,,,
2026-07-21,US500,london,False,,no_selected_candidate,,,,,,,,,,,,,,,,,
2026-07-21,US500,ny_am,False,,no_selected_candidate,,,,,,,,,,,,,,,,,
2026-07-22,US500,london,False,,no_selected_candidate,,,,,,,,,,,,,,,,,
2026-07-22,US500,ny_am,False,,no_selected_candidate,,,,,,,,,,,,,,,,,
2026-07-23,US500,london,False,,no_selected_candidate,,,,,,,,,,,,,,,,,
2026-07-23,US500,ny_am,False,,no_selected_candidate,,,,,,,,,,,,,,,,,
2026-07-24,US500,london,False,,no_selected_candidate,,,,,,,,,,,,,,,,,
2026-07-24,US500,ny_am,False,,no_selected_candidate,,,,,,,,,,,,,,,,,
2026-07-27,US500,london,False,,no_selected_candidate,,,,,,,,,,,,,,,,,
2026-07-27,US500,ny_am,True,REV,named_extreme_raid+htf_pd+mss,2026-07-27T10:00:00,bearish,7440.048,7460.689,allowlist:not_on_mint_allowlist,pdh,bearish,aligned,D_FVG_bull_2026-07-01,,,,,,sha256:b6b86915642fcece,kernel_ticket:pass:kernel_session_ticket|direction:pass:determined|risk:pass:within_caps|allowlist:FAIL:not_on_mint_allowlist|mode:pass:paper|contract:FAIL:hermes_integration_i0_ftn_never_actionable,
2026-07-28,US500,london,False,,no_selected_candidate,,,,,,,,,,,,,,,,,
2026-07-28,US500,ny_am,False,,no_selected_candidate,,,,,,,,,,,,,,,,,
2026-07-29,US500,london,False,,no_selected_candidate,,,,,,,,,,,,,,,,,
2026-07-29,US500,ny_am,True,REV,named_extreme_raid+htf_pd+mss,2026-07-29T08:15:00,bearish,7437.635,7451.638,allowlist:not_on_mint_allowlist,pdh,bullish,aligned,D_FVG_bull_2026-06-30,,,,,,sha256:fc9b6e7b23664231,kernel_ticket:pass:kernel_session_ticket|direction:pass:determined|risk:pass:within_caps|allowlist:FAIL:not_on_mint_allowlist|mode:pass:paper|contract:FAIL:hermes_integration_i0_ftn_never_actionable,
2026-07-30,US500,london,False,,no_selected_candidate,,,,,,,,,,,,,,,,,
2026-07-30,US500,ny_am,False,,no_selected_candidate,,,,,,,,,,,,,,,,,
2026-07-31,US500,london,True,REV,named_extreme_raid+htf_pd+mss,2026-07-31T02:15:00,bearish,7481.164,7460.949,risk:stop_not_protective,pdh,bullish,qualified,D_FVG_bear_2026-07-24,,,,,,sha256:5179e31cc2fb13b3,kernel_ticket:pass:kernel_session_ticket|direction:pass:determined|risk:FAIL:stop_not_protective|allowlist:FAIL:not_on_mint_allowlist|mode:pass:paper|contract:FAIL:hermes_integration_i0_ftn_never_actionable,
2026-07-31,US500,ny_am,False,,no_selected_candidate,,,,,,,,,,,,,,,,,
2026-08-03,US500,london,True,REV,named_extreme_raid+htf_pd+mss,2026-08-03T02:30:00,bearish,7531.549,7512.299,risk:stop_not_protective,pdh,bullish,qualified,D_FVG_bear_2026-07-24,,,,,,sha256:a9f7d02386255a16,kernel_ticket:pass:kernel_session_ticket|direction:pass:determined|risk:FAIL:stop_not_protective|allowlist:FAIL:not_on_mint_allowlist|mode:pass:paper|contract:FAIL:hermes_integration_i0_ftn_never_actionable,
2026-08-03,US500,ny_am,True,REV,named_extreme_raid+htf_pd+mss,2026-08-03T10:00:00,bearish,7559.736,7512.299,risk:stop_not_protective,pdh,bullish,aligned,D_FVG_bear_2026-07-24,,,,,,sha256:cfd8c93d8b50623b,kernel_ticket:pass:kernel_session_ticket|direction:pass:determined|risk:FAIL:stop_not_protective|allowlist:FAIL:not_on_mint_allowlist|mode:pass:paper|contract:FAIL:hermes_integration_i0_ftn_never_actionable,
2026-08-04,US500,london,True,REV,named_extreme_raid+htf_pd+mss,2026-08-04T02:45:00,bearish,7617.031,7610.159,risk:stop_not_protective,pdh,bullish,aligned,D_FVG_bull_2026-08-03,,,,,,sha256:618038a5964edeba,kernel_ticket:pass:kernel_session_ticket|direction:pass:determined|risk:FAIL:stop_not_protective|allowlist:FAIL:not_on_mint_allowlist|mode:pass:paper|contract:FAIL:hermes_integration_i0_ftn_never_actionable,
2026-08-04,US500,ny_am,True,REV,named_extreme_raid+htf_pd+mss,2026-08-04T10:00:00,bearish,7658.175,7610.159,risk:stop_not_protective,pdh,bullish,aligned,D_FVG_bull_2026-08-03,,,,,,sha256:1f0ef5b43187aaec,kernel_ticket:pass:kernel_session_ticket|direction:pass:determined|risk:FAIL:stop_not_protective|allowlist:FAIL:not_on_mint_allowlist|mode:pass:paper|contract:FAIL:hermes_integration_i0_ftn_never_actionable,
2026-08-05,US500,london,True,REV,named_extreme_raid+htf_pd+mss,2026-08-05T02:15:00,bearish,7772.301,7758.489,risk:stop_not_protective,pdh,bullish,aligned,D_FVG_bull_2026-08-04,,,,,,sha256:6b02ff678836142a,kernel_ticket:pass:kernel_session_ticket|direction:pass:determined|risk:FAIL:stop_not_protective|allowlist:FAIL:not_on_mint_allowlist|mode:pass:paper|contract:FAIL:hermes_integration_i0_ftn_never_actionable,
2026-08-05,US500,ny_am,True,REV,named_extreme_raid+htf_pd+mss,2026-08-05T10:00:00,bearish,7792.198,7758.489,risk:stop_not_protective,pdh,bullish,aligned,D_FVG_bull_2026-08-04,,,,,,sha256:ebf4d5953098b94c,kernel_ticket:pass:kernel_session_ticket|direction:pass:determined|risk:FAIL:stop_not_protective|allowlist:FAIL:not_on_mint_allowlist|mode:pass:paper|contract:FAIL:hermes_integration_i0_ftn_never_actionable,
2026-08-06,US500,london,False,,no_selected_candidate,,,,,,,,,,,,,,,,,
2026-08-06,US500,ny_am,False,,no_selected_candidate,,,,,,,,,,,,,,,,,
2026-08-07,US500,london,False,,no_selected_candidate,,,,,,,,,,,,,,,,,
2026-08-07,US500,ny_am,False,,no_selected_candidate,,,,,,,,,,,,,,,,,
2026-08-10,US500,london,True,REV,named_extreme_raid+htf_pd+mss,2026-08-10T02:30:00,bearish,7761.679,7762.758,allowlist:not_on_mint_allowlist,pdh,bullish,aligned,D_FVG_bull_2026-08-05,,,,,,sha256:8993376ad0c046c8,kernel_ticket:pass:kernel_session_ticket|direction:pass:determined|risk:pass:within_caps|allowlist:FAIL:not_on_mint_allowlist|mode:pass:paper|contract:FAIL:hermes_integration_i0_ftn_never_actionable,
2026-08-10,US500,ny_am,False,,no_selected_candidate,,,,,,,,,,,,,,,,,
2026-08-11,US500,london,False,,no_selected_candidate,,,,,,,,,,,,,,,,,
2026-08-11,US500,ny_am,False,,no_selected_candidate,,,,,,,,,,,,,,,,,
2026-08-12,US500,london,False,,no_selected_candidate,,,,,,,,,,,,,,,,,
2026-08-12,US500,ny_am,False,,no_selected_candidate,,,,,,,,,,,,,,,,,
2026-08-13,US500,london,False,,no_selected_candidate,,,,,,,,,,,,,,,,,
2026-08-13,US500,ny_am,True,REV,named_extreme_raid+htf_pd+mss,2026-08-13T10:00:00,bearish,7799.214,7772.404,risk:stop_not_protective,pdh,bullish,aligned,D_FVG_bull_2026-08-05,,,,,,sha256:7b9cb8cc5e4c56fa,kernel_ticket:pass:kernel_session_ticket|direction:pass:determined|risk:FAIL:stop_not_protective|allowlist:FAIL:not_on_mint_allowlist|mode:pass:paper|contract:FAIL:hermes_integration_i0_ftn_never_actionable,
2026-08-14,US500,london,False,,no_selected_candidate,,,,,,,,,,,,,,,,,
2026-08-14,US500,ny_am,False,,no_selected_candidate,,,,,,,,,,,,,,,,,
2026-08-17,US500,london,False,,no_selected_candidate,,,,,,,,,,,,,,,,,
2026-08-17,US500,ny_am,False,,no_selected_candidate,,,,,,,,,,,,,,,,,
2026-08-18,US500,london,True,REV,named_extreme_raid+htf_pd+mss,2026-08-18T02:15:00,bullish,7715.116,7744.246,risk:stop_not_protective,pdl,bearish,aligned,D_FVG_bull_2026-08-14,,,,,,sha256:4d4980b32b7f71f5,kernel_ticket:pass:kernel_session_ticket|direction:pass:determined|risk:FAIL:stop_not_protective|allowlist:FAIL:not_on_mint_allowlist|mode:pass:paper|contract:FAIL:hermes_integration_i0_ftn_never_actionable,
2026-08-18,US500,ny_am,True,REV,named_extreme_raid+htf_pd+mss,2026-08-18T07:15:00,bullish,7715.378,7744.246,risk:stop_not_protective,pdl,bearish,qualified,D_FVG_bull_2026-08-14,,,,,,sha256:478926ebbfe83191,kernel_ticket:pass:kernel_session_ticket|direction:pass:determined|risk:FAIL:stop_not_protective|allowlist:FAIL:not_on_mint_allowlist|mode:pass:paper|contract:FAIL:hermes_integration_i0_ftn_never_actionable,
2026-08-19,US500,london,True,REV,named_extreme_raid+htf_pd+mss,2026-08-19T02:30:00,bullish,7685.062,7689.255,risk:stop_not_protective,pdl,bearish,aligned,D_FVG_bear_2026-08-18,,,,,,sha256:3af9baeff582534e,kernel_ticket:pass:kernel_session_ticket|direction:pass:determined|risk:FAIL:stop_not_protective|allowlist:FAIL:not_on_mint_allowlist|mode:pass:paper|contract:FAIL:hermes_integration_i0_ftn_never_actionable,
2026-08-19,US500,ny_am,False,,no_selected_candidate,,,,,,,,,,,,,,,,,
2026-08-20,US500,london,False,,no_selected_candidate,,,,,,,,,,,,,,,,,
2026-08-20,US500,ny_am,False,,no_selected_candidate,,,,,,,,,,,,,,,,,
2026-08-21,US500,london,False,,no_selected_candidate,,,,,,,,,,,,,,,,,
2026-08-21,US500,ny_am,False,,no_selected_candidate,,,,,,,,,,,,,,,,,
2026-08-24,US500,london,False,,no_selected_candidate,,,,,,,,,,,,,,,,,
2026-08-24,US500,ny_am,False,,no_selected_candidate,,,,,,,,,,,,,,,,,
2026-08-25,US500,london,False,,no_selected_candidate,,,,,,,,,,,,,,,,,
2026-08-25,US500,ny_am,True,REV,named_extreme_raid+htf_pd+mss,2026-08-25T10:00:00,bearish,7673.819,7687.379,allowlist:not_on_mint_allowlist,pdh,bearish,aligned,D_FVG_bear_2026-08-18,,,,,,sha256:c48e56b6e722e776,kernel_ticket:pass:kernel_session_ticket|direction:pass:determined|risk:pass:within_caps|allowlist:FAIL:not_on_mint_allowlist|mode:pass:paper|contract:FAIL:hermes_integration_i0_ftn_never_actionable,
2026-08-26,US500,london,False,,no_selected_candidate,,,,,,,,,,,,,,,,,
2026-08-26,US500,ny_am,False,,no_selected_candidate,,,,,,,,,,,,,,,,,
2026-08-27,US500,london,False,,no_selected_candidate,,,,,,,,,,,,,,,,,
2026-08-27,US500,ny_am,True,REV,named_extreme_raid+htf_pd+mss,2026-08-27T07:15:00,bearish,7714.486,7690.982,risk:stop_not_protective,pdh,bullish,aligned,D_FVG_bull_2026-08-04,,,,,,sha256:193b93301cbb3005,kernel_ticket:pass:kernel_session_ticket|direction:pass:determined|risk:FAIL:stop_not_protective|allowlist:FAIL:not_on_mint_allowlist|mode:pass:paper|contract:FAIL:hermes_integration_i0_ftn_never_actionable,
2026-08-28,US500,london,False,,no_selected_candidate,,,,,,,,,,,,,,,,,
2026-08-28,US500,ny_am,True,REV,named_extreme_raid+htf_pd+mss,2026-08-28T09:30:00,bearish,7735.673,7741.281,allowlist:not_on_mint_allowlist,pdh,bullish,aligned,D_FVG_bull_2026-08-05,,,,,,sha256:9f9d5eb4731f290b,kernel_ticket:pass:kernel_session_ticket|direction:pass:determined|risk:pass:within_caps|allowlist:FAIL:not_on_mint_allowlist|mode:pass:paper|contract:FAIL:hermes_integration_i0_ftn_never_actionable,
2026-08-31,US500,london,False,,no_selected_candidate,,,,,,,,,,,,,,,,,
2026-08-31,US500,ny_am,True,REV,named_extreme_raid+htf_pd+mss,2026-08-31T10:00:00,bullish,7678.492,7700.548,risk:stop_not_protective,pdl,bearish,aligned,D_FVG_bull_2026-08-28,,,,,,sha256:4d99b752dc0d7e81,kernel_ticket:pass:kernel_session_ticket|direction:pass:determined|risk:FAIL:stop_not_protective|allowlist:FAIL:not_on_mint_allowlist|mode:pass:paper|contract:FAIL:hermes_integration_i0_ftn_never_actionable,
2026-09-01,US500,london,False,,no_selected_candidate,,,,,,,,,,,,,,,,,
2026-09-01,US500,ny_am,True,REV,named_extreme_raid+htf_pd+mss,2026-09-01T07:15:00,bullish,7644.989,7664.113,risk:stop_not_protective,pdl,bearish,qualified,D_FVG_bull_2026-08-28,,,,,,sha256:f2d7c133c0637b24,kernel_ticket:pass:kernel_session_ticket|direction:pass:determined|risk:FAIL:stop_not_protective|allowlist:FAIL:not_on_mint_allowlist|mode:pass:paper|contract:FAIL:hermes_integration_i0_ftn_never_actionable,
2026-09-02,US500,london,False,,no_selected_candidate,,,,,,,,,,,,,,,,,
2026-09-02,US500,ny_am,True,REV,named_extreme_raid+htf_pd+mss,2026-09-02T07:30:00,bullish,7625.863,7610.905,allowlist:not_on_mint_allowlist,pdl,bearish,qualified,D_FVG_bull_2026-08-28,,,,,,sha256:a134c7d89076903f,kernel_ticket:pass:kernel_session_ticket|direction:pass:determined|risk:pass:within_caps|allowlist:FAIL:not_on_mint_allowlist|mode:pass:paper|contract:FAIL:hermes_integration_i0_ftn_never_actionable,
2026-09-03,US500,london,False,,no_selected_candidate,,,,,,,,,,,,,,,,,
2026-09-03,US500,ny_am,True,REV,named_extreme_raid+htf_pd+mss,2026-09-03T10:00:00,bearish,7712.249,7681.558,risk:stop_not_protective,pdh,bullish,aligned,D_FVG_bear_2026-09-01,,,,,,sha256:1bac07bf33dc9d78,kernel_ticket:pass:kernel_session_ticket|direction:pass:determined|risk:FAIL:stop_not_protective|allowlist:FAIL:not_on_mint_allowlist|mode:pass:paper|contract:FAIL:hermes_integration_i0_ftn_never_actionable,
2026-09-04,US500,london,True,REV,named_extreme_raid+htf_pd+mss,2026-09-04T03:00:00,bearish,7748.995,7756.648,allowlist:not_on_mint_allowlist,pdh,bullish,qualified,D_FVG_bear_2026-09-01,,,,,,sha256:8293697b54d55008,kernel_ticket:pass:kernel_session_ticket|direction:pass:determined|risk:pass:within_caps|allowlist:FAIL:not_on_mint_allowlist|mode:pass:paper|contract:FAIL:hermes_integration_i0_ftn_never_actionable,
2026-09-04,US500,ny_am,False,,no_selected_candidate,,,,,,,,,,,,,,,,,
2026-09-08,US500,london,True,REV,named_extreme_raid+htf_pd+mss,2026-09-08T03:15:00,bullish,7700.019,7705.653,risk:stop_not_protective,pdl,bearish,aligned,D_FVG_bear_2026-08-18,,,,,,sha256:25d2d72037d0c2b6,kernel_ticket:pass:kernel_session_ticket|direction:pass:determined|risk:FAIL:stop_not_protective|allowlist:FAIL:not_on_mint_allowlist|mode:pass:paper|contract:FAIL:hermes_integration_i0_ftn_never_actionable,
2026-09-08,US500,ny_am,True,REV,named_extreme_raid+htf_pd+mss,2026-09-08T10:00:00,bullish,7689.534,7705.653,risk:stop_not_protective,pdl,bearish,aligned,D_FVG_bull_2026-08-28,,,,,,sha256:847f342ff73aa465,kernel_ticket:pass:kernel_session_ticket|direction:pass:determined|risk:FAIL:stop_not_protective|allowlist:FAIL:not_on_mint_allowlist|mode:pass:paper|contract:FAIL:hermes_integration_i0_ftn_never_actionable,
2026-09-09,US500,london,False,,no_selected_candidate,,,,,,,,,,,,,,,,,
2026-09-09,US500,ny_am,True,REV,named_extreme_raid+htf_pd+mss,2026-09-09T07:15:00,bullish,7649.101,7666.616,risk:stop_not_protective,pdl,bearish,aligned,D_FVG_bull_2026-09-04,,,,,,sha256:3bceb961e95b2724,kernel_ticket:pass:kernel_session_ticket|direction:pass:determined|risk:FAIL:stop_not_protective|allowlist:FAIL:not_on_mint_allowlist|mode:pass:paper|contract:FAIL:hermes_integration_i0_ftn_never_actionable,
2026-09-10,US500,london,False,,no_selected_candidate,,,,,,,,,,,,,,,,,
2026-09-10,US500,ny_am,True,REV,named_extreme_raid+htf_pd+mss,2026-09-10T08:30:00,bullish,7619.942,7623.303,risk:stop_not_protective,pdl,bearish,aligned,D_FVG_bull_2026-09-04,,,,,,sha256:7bc1ee3a212bd253,kernel_ticket:pass:kernel_session_ticket|direction:pass:determined|risk:FAIL:stop_not_protective|allowlist:FAIL:not_on_mint_allowlist|mode:pass:paper|contract:FAIL:hermes_integration_i0_ftn_never_actionable,
2026-09-11,US500,london,False,,no_selected_candidate,,,,,,,,,,,,,,,,,
2026-09-11,US500,ny_am,False,,no_selected_candidate,,,,,,,,,,,,,,,,,
2026-09-14,US500,london,False,,no_selected_candidate,,,,,,,,,,,,,,,,,
2026-09-14,US500,ny_am,False,,no_selected_candidate,,,,,,,,,,,,,,,,,
2026-09-15,US500,london,False,,no_selected_candidate,,,,,,,,,,,,,,,,,
2026-09-15,US500,ny_am,False,,no_selected_candidate,,,,,,,,,,,,,,,,,
2026-09-16,US500,london,False,,no_selected_candidate,,,,,,,,,,,,,,,,,
2026-09-16,US500,ny_am,False,,no_selected_candidate,,,,,,,,,,,,,,,,,
2026-09-17,US500,london,False,,no_selected_candidate,,,,,,,,,,,,,,,,,
2026-09-17,US500,ny_am,False,,no_selected_candidate,,,,,,,,,,,,,,,,,
2026-09-18,US500,london,True,REV,named_extreme_raid+htf_pd+mss,2026-09-18T03:00:00,bearish,7666.964,7653.004,risk:stop_not_protective,pdh,bullish,aligned,D_FVG_bear_2026-09-10,,,,,,sha256:a73e863be9ff35fa,kernel_ticket:pass:kernel_session_ticket|direction:pass:determined|risk:FAIL:stop_not_protective|allowlist:FAIL:not_on_mint_allowlist|mode:pass:paper|contract:FAIL:hermes_integration_i0_ftn_never_actionable,
2026-09-18,US500,ny_am,False,,no_selected_candidate,,,,,,,,,,,,,,,,,
2026-09-21,US500,london,True,REV,named_extreme_raid+htf_pd+mss,2026-09-21T02:15:00,bearish,7679.254,7672.082,risk:stop_not_protective,pdh,bullish,aligned,D_FVG_bear_2026-09-10,,,,,,sha256:0c1bacdf0642395b,kernel_ticket:pass:kernel_session_ticket|direction:pass:determined|risk:FAIL:stop_not_protective|allowlist:FAIL:not_on_mint_allowlist|mode:pass:paper|contract:FAIL:hermes_integration_i0_ftn_never_actionable,
2026-09-21,US500,ny_am,True,REV,named_extreme_raid+htf_pd+mss,2026-09-21T07:15:00,bearish,7696.495,7672.082,risk:stop_not_protective,pdh,bullish,aligned,D_FVG_bear_2026-09-10,,,,,,sha256:523067221bc9ec3d,kernel_ticket:pass:kernel_session_ticket|direction:pass:determined|risk:FAIL:stop_not_protective|allowlist:FAIL:not_on_mint_allowlist|mode:pass:paper|contract:FAIL:hermes_integration_i0_ftn_never_actionable,
2026-09-22,US500,london,False,,no_selected_candidate,,,,,,,,,,,,,,,,,
2026-09-22,US500,ny_am,False,,no_selected_candidate,,,,,,,,,,,,,,,,,
2026-09-23,US500,london,False,,no_selected_candidate,,,,,,,,,,,,,,,,,
2026-09-23,US500,ny_am,False,,no_selected_candidate,,,,,,,,,,,,,,,,,
2026-09-24,US500,london,True,REV,named_extreme_raid+htf_pd+mss,2026-09-24T03:15:00,bullish,7679.828,7694.273,risk:stop_not_protective,pdl,bearish,aligned,D_FVG_bull_2026-09-04,,,,,,sha256:3bed7a478aa67d0b,kernel_ticket:pass:kernel_session_ticket|direction:pass:determined|risk:FAIL:stop_not_protective|allowlist:FAIL:not_on_mint_allowlist|mode:pass:paper|contract:FAIL:hermes_integration_i0_ftn_never_actionable,
2026-09-24,US500,ny_am,True,REV,named_extreme_raid+htf_pd+mss,2026-09-24T07:15:00,bullish,7666.563,7694.273,risk:stop_not_protective,pdl,bearish,qualified,D_FVG_bull_2026-09-04,,,,,,sha256:03f8423fd7983e7d,kernel_ticket:pass:kernel_session_ticket|direction:pass:determined|risk:FAIL:stop_not_protective|allowlist:FAIL:not_on_mint_allowlist|mode:pass:paper|contract:FAIL:hermes_integration_i0_ftn_never_actionable,
2026-09-25,US500,london,False,,no_selected_candidate,,,,,,,,,,,,,,,,,
2026-09-25,US500,ny_am,False,,no_selected_candidate,,,,,,,,,,,,,,,,,
