date,symbol,session,ticket,module,reason,entry_time,side,entry,stop,blocked_by,raid_level,iof_state,iof_confidence,origin_pd_array,R,R_gross,exit,risk_pts,cost_R,fingerprint,gates,features
2025-08-25,US100,london,False,,insufficient_history_or_bars,,,,,,,,,,,,,,,,,
2025-08-25,US100,ny_am,False,,insufficient_history_or_bars,,,,,,,,,,,,,,,,,
2025-08-26,US100,london,False,,insufficient_history_or_bars,,,,,,,,,,,,,,,,,
2025-08-26,US100,ny_am,False,,insufficient_history_or_bars,,,,,,,,,,,,,,,,,
2025-08-27,US100,london,False,,insufficient_history_or_bars,,,,,,,,,,,,,,,,,
2025-08-27,US100,ny_am,False,,insufficient_history_or_bars,,,,,,,,,,,,,,,,,
2025-08-28,US100,london,False,,insufficient_history_or_bars,,,,,,,,,,,,,,,,,
2025-08-28,US100,ny_am,False,,insufficient_history_or_bars,,,,,,,,,,,,,,,,,
2025-08-29,US100,london,False,,insufficient_history_or_bars,,,,,,,,,,,,,,,,,
2025-08-29,US100,ny_am,False,,insufficient_history_or_bars,,,,,,,,,,,,,,,,,
2025-09-02,US100,london,False,,insufficient_history_or_bars,,,,,,,,,,,,,,,,,
2025-09-02,US100,ny_am,False,,insufficient_history_or_bars,,,,,,,,,,,,,,,,,
2025-09-03,US100,london,False,,insufficient_history_or_bars,,,,,,,,,,,,,,,,,
2025-09-03,US100,ny_am,False,,insufficient_history_or_bars,,,,,,,,,,,,,,,,,
2025-09-04,US100,london,False,,insufficient_history_or_bars,,,,,,,,,,,,,,,,,
2025-09-04,US100,ny_am,False,,insufficient_history_or_bars,,,,,,,,,,,,,,,,,
2025-09-05,US100,london,False,,insufficient_history_or_bars,,,,,,,,,,,,,,,,,
2025-09-05,US100,ny_am,False,,insufficient_history_or_bars,,,,,,,,,,,,,,,,,
2025-09-08,US100,london,False,,insufficient_history_or_bars,,,,,,,,,,,,,,,,,
2025-09-08,US100,ny_am,False,,insufficient_history_or_bars,,,,,,,,,,,,,,,,,
2025-09-09,US100,london,False,,insufficient_history_or_bars,,,,,,,,,,,,,,,,,
2025-09-09,US100,ny_am,False,,insufficient_history_or_bars,,,,,,,,,,,,,,,,,
2025-09-10,US100,london,False,,insufficient_history_or_bars,,,,,,,,,,,,,,,,,
2025-09-10,US100,ny_am,False,,insufficient_history_or_bars,,,,,,,,,,,,,,,,,
2025-09-11,US100,london,False,,insufficient_history_or_bars,,,,,,,,,,,,,,,,,
2025-09-11,US100,ny_am,False,,insufficient_history_or_bars,,,,,,,,,,,,,,,,,
2025-09-12,US100,london,False,,insufficient_history_or_bars,,,,,,,,,,,,,,,,,
2025-09-12,US100,ny_am,False,,insufficient_history_or_bars,,,,,,,,,,,,,,,,,
2025-09-15,US100,london,False,,insufficient_history_or_bars,,,,,,,,,,,,,,,,,
2025-09-15,US100,ny_am,False,,insufficient_history_or_bars,,,,,,,,,,,,,,,,,
2025-09-16,US100,london,False,,insufficient_history_or_bars,,,,,,,,,,,,,,,,,
2025-09-16,US100,ny_am,False,,insufficient_history_or_bars,,,,,,,,,,,,,,,,,
2025-09-17,US100,london,False,,insufficient_history_or_bars,,,,,,,,,,,,,,,,,
2025-09-17,US100,ny_am,False,,insufficient_history_or_bars,,,,,,,,,,,,,,,,,
2025-09-18,US100,london,False,,insufficient_history_or_bars,,,,,,,,,,,,,,,,,
2025-09-18,US100,ny_am,False,,insufficient_history_or_bars,,,,,,,,,,,,,,,,,
2025-09-19,US100,london,False,,insufficient_history_or_bars,,,,,,,,,,,,,,,,,
2025-09-19,US100,ny_am,False,,insufficient_history_or_bars,,,,,,,,,,,,,,,,,
2025-09-22,US100,london,False,,insufficient_history_or_bars,,,,,,,,,,,,,,,,,
2025-09-22,US100,ny_am,False,,insufficient_history_or_bars,,,,,,,,,,,,,,,,,
2025-09-23,US100,london,False,,insufficient_history_or_bars,,,,,,,,,,,,,,,,,
2025-09-23,US100,ny_am,False,,insufficient_history_or_bars,,,,,,,,,,,,,,,,,
2025-09-24,US100,london,False,,insufficient_history_or_bars,,,,,,,,,,,,,,,,,
2025-09-24,US100,ny_am,False,,insufficient_history_or_bars,,,,,,,,,,,,,,,,,
2025-09-25,US100,london,False,,no_selected_candidate,,,,,,,,,,,,,,,,,
2025-09-25,US100,ny_am,True,REV,named_extreme_raid+htf_pd+mss,2025-09-25T09:45:00,sell,24191.358,24387.941,side:rev_side_conflicts_with_raid,pdl,bearish,aligned,D_FVG_bull_2025-09-19,,,,,,f083eff88b587c63,kernel_ticket:pass:kernel_session_ticket|side:FAIL:rev_side_conflicts_with_raid|risk:pass:within_caps|allowlist:FAIL:not_on_mint_allowlist|mode:pass:paper,
2025-09-26,US100,london,False,,no_selected_candidate,,,,,,,,,,,,,,,,,
2025-09-26,US100,ny_am,False,,no_selected_candidate,,,,,,,,,,,,,,,,,
2025-09-29,US100,london,True,REV,named_extreme_raid+htf_pd+mss,2025-09-29T02:15:00,buy,24600.243,24517.327,side:rev_side_conflicts_with_raid,pdh,bullish,qualified,D_FVG_bull_2025-09-19,,,,,,75c835e41a07e470,kernel_ticket:pass:kernel_session_ticket|side:FAIL:rev_side_conflicts_with_raid|risk:pass:within_caps|allowlist:FAIL:not_on_mint_allowlist|mode:pass:paper,
2025-09-29,US100,ny_am,True,REV,named_extreme_raid+htf_pd+mss,2025-09-29T07:15:00,buy,24636.697,24517.327,side:rev_side_conflicts_with_raid,pdh,bullish,aligned,D_FVG_bull_2025-09-19,,,,,,f288aa4c0074e988,kernel_ticket:pass:kernel_session_ticket|side:FAIL:rev_side_conflicts_with_raid|risk:pass:within_caps|allowlist:FAIL:not_on_mint_allowlist|mode:pass:paper,
2025-09-30,US100,london,False,,no_selected_candidate,,,,,,,,,,,,,,,,,
2025-09-30,US100,ny_am,False,,no_selected_candidate,,,,,,,,,,,,,,,,,
2025-10-01,US100,london,False,,no_selected_candidate,,,,,,,,,,,,,,,,,
2025-10-01,US100,ny_am,True,REV,named_extreme_raid+htf_pd+mss,2025-10-01T10:00:00,buy,24553.069,24499.036,allowlist:not_on_mint_allowlist,pdl,bullish,qualified,D_FVG_bull_2025-09-19,,,,,,cd5688261913e030,kernel_ticket:pass:kernel_session_ticket|side:pass:determined|risk:pass:within_caps|allowlist:FAIL:not_on_mint_allowlist|mode:pass:paper,
2025-10-02,US100,london,False,,no_selected_candidate,,,,,,,,,,,,,,,,,
2025-10-02,US100,ny_am,True,REV,named_extreme_raid+htf_pd+mss,2025-10-02T07:15:00,buy,24918.272,24815.642,side:rev_side_conflicts_with_raid,pdh,bullish,aligned,D_FVG_bull_2025-09-19,,,,,,96670bdf4122186c,kernel_ticket:pass:kernel_session_ticket|side:FAIL:rev_side_conflicts_with_raid|risk:pass:within_caps|allowlist:FAIL:not_on_mint_allowlist|mode:pass:paper,
2025-10-03,US100,london,True,REV,named_extreme_raid+htf_pd+mss,2025-10-03T02:15:00,buy,24965.816,24965.153,side:rev_side_conflicts_with_raid,pdh,bullish,qualified,D_FVG_bull_2025-10-02,,,,,,c55fd2f106bf8ffd,kernel_ticket:pass:kernel_session_ticket|side:FAIL:rev_side_conflicts_with_raid|risk:pass:within_caps|allowlist:FAIL:not_on_mint_allowlist|mode:pass:paper,
2025-10-03,US100,ny_am,True,REV,named_extreme_raid+htf_pd+mss,2025-10-03T07:15:00,buy,24949.772,24965.153,side:rev_side_conflicts_with_raid,pdh,bullish,qualified,D_FVG_bull_2025-10-02,,,,,,c6a627cdc87ee3c4,kernel_ticket:pass:kernel_session_ticket|side:FAIL:rev_side_conflicts_with_raid|risk:FAIL:stop_not_protective|allowlist:FAIL:not_on_mint_allowlist|mode:pass:paper,
2025-10-06,US100,london,False,,no_selected_candidate,,,,,,,,,,,,,,,,,
2025-10-06,US100,ny_am,False,,no_selected_candidate,,,,,,,,,,,,,,,,,
2025-10-07,US100,london,False,,no_selected_candidate,,,,,,,,,,,,,,,,,
2025-10-07,US100,ny_am,True,REV,named_extreme_raid+htf_pd+mss,2025-10-07T09:15:00,buy,25035.794,25044.779,side:rev_side_conflicts_with_raid,pdh,bullish,aligned,D_FVG_bull_2025-10-02,,,,,,badf2722307314f9,kernel_ticket:pass:kernel_session_ticket|side:FAIL:rev_side_conflicts_with_raid|risk:FAIL:stop_not_protective|allowlist:FAIL:not_on_mint_allowlist|mode:pass:paper,
2025-10-08,US100,london,False,,no_selected_candidate,,,,,,,,,,,,,,,,,
2025-10-08,US100,ny_am,False,,no_selected_candidate,,,,,,,,,,,,,,,,,
2025-10-09,US100,london,True,REV,named_extreme_raid+htf_pd+mss,2025-10-09T02:30:00,buy,25149.37,25142.205,side:rev_side_conflicts_with_raid,pdh,bullish,aligned,D_FVG_bull_2025-10-02,,,,,,b7ba2dfcbc8aa28b,kernel_ticket:pass:kernel_session_ticket|side:FAIL:rev_side_conflicts_with_raid|risk:pass:within_caps|allowlist:FAIL:not_on_mint_allowlist|mode:pass:paper,
2025-10-09,US100,ny_am,False,,no_selected_candidate,,,,,,,,,,,,,,,,,
2025-10-10,US100,london,False,,no_selected_candidate,,,,,,,,,,,,,,,,,
2025-10-10,US100,ny_am,False,,no_selected_candidate,,,,,,,,,,,,,,,,,
2025-10-13,US100,london,False,,no_selected_candidate,,,,,,,,,,,,,,,,,
2025-10-13,US100,ny_am,False,,no_selected_candidate,,,,,,,,,,,,,,,,,
2025-10-14,US100,london,False,,no_selected_candidate,,,,,,,,,,,,,,,,,
2025-10-14,US100,ny_am,False,,no_selected_candidate,,,,,,,,,,,,,,,,,
2025-10-15,US100,london,False,,no_selected_candidate,,,,,,,,,,,,,,,,,
2025-10-15,US100,ny_am,False,,no_selected_candidate,,,,,,,,,,,,,,,,,
2025-10-16,US100,london,False,,no_selected_candidate,,,,,,,,,,,,,,,,,
2025-10-16,US100,ny_am,False,,no_selected_candidate,,,,,,,,,,,,,,,,,
2025-10-17,US100,london,True,REV,named_extreme_raid+htf_pd+mss,2025-10-17T02:15:00,sell,24499.533,24472.881,side:rev_side_conflicts_with_raid,pdl,bearish,aligned,D_FVG_bull_2025-10-02,,,,,,df597872cfd2aa43,kernel_ticket:pass:kernel_session_ticket|side:FAIL:rev_side_conflicts_with_raid|risk:FAIL:stop_not_protective|allowlist:FAIL:not_on_mint_allowlist|mode:pass:paper,
2025-10-17,US100,ny_am,True,REV,named_extreme_raid+htf_pd+mss,2025-10-17T07:15:00,sell,24549.414,24472.881,side:rev_side_conflicts_with_raid,pdl,bearish,qualified,D_FVG_bull_2025-10-02,,,,,,30d8379660e139d2,kernel_ticket:pass:kernel_session_ticket|side:FAIL:rev_side_conflicts_with_raid|risk:FAIL:stop_not_protective|allowlist:FAIL:not_on_mint_allowlist|mode:pass:paper,
2025-10-20,US100,london,True,REV,named_extreme_raid+htf_pd+mss,2025-10-20T02:15:00,buy,24927.261,24883.399,side:rev_side_conflicts_with_raid,pdh,bullish,aligned,D_FVG_bull_2025-10-02,,,,,,cdf71ded8be3a15e,kernel_ticket:pass:kernel_session_ticket|side:FAIL:rev_side_conflicts_with_raid|risk:pass:within_caps|allowlist:FAIL:not_on_mint_allowlist|mode:pass:paper,
2025-10-20,US100,ny_am,True,REV,named_extreme_raid+htf_pd+mss,2025-10-20T10:00:00,buy,25057.055,24883.399,side:rev_side_conflicts_with_raid,pdh,bullish,aligned,D_FVG_bear_2025-10-13,,,,,,c9a28bef8b6d7b18,kernel_ticket:pass:kernel_session_ticket|side:FAIL:rev_side_conflicts_with_raid|risk:pass:within_caps|allowlist:FAIL:not_on_mint_allowlist|mode:pass:paper,
2025-10-21,US100,london,False,,no_selected_candidate,,,,,,,,,,,,,,,,,
2025-10-21,US100,ny_am,False,,no_selected_candidate,,,,,,,,,,,,,,,,,
2025-10-22,US100,london,False,,no_selected_candidate,,,,,,,,,,,,,,,,,
2025-10-22,US100,ny_am,False,,no_selected_candidate,,,,,,,,,,,,,,,,,
2025-10-23,US100,london,False,,no_selected_candidate,,,,,,,,,,,,,,,,,
2025-10-23,US100,ny_am,False,,no_selected_candidate,,,,,,,,,,,,,,,,,
2025-10-24,US100,london,True,REV,named_extreme_raid+htf_pd+mss,2025-10-24T02:15:00,buy,25216.447,25125.87,side:rev_side_conflicts_with_raid,pdh,bullish,aligned,D_FVG_bull_2025-10-21,,,,,,de06e5ce5f2c024f,kernel_ticket:pass:kernel_session_ticket|side:FAIL:rev_side_conflicts_with_raid|risk:pass:within_caps|allowlist:FAIL:not_on_mint_allowlist|mode:pass:paper,
2025-10-24,US100,ny_am,True,REV,named_extreme_raid+htf_pd+mss,2025-10-24T07:15:00,buy,25229.555,25125.87,side:rev_side_conflicts_with_raid,pdh,bullish,qualified,D_FVG_bull_2025-10-21,,,,,,2ee4bc41d088a52a,kernel_ticket:pass:kernel_session_ticket|side:FAIL:rev_side_conflicts_with_raid|risk:pass:within_caps|allowlist:FAIL:not_on_mint_allowlist|mode:pass:paper,
2025-10-27,US100,london,True,REV,named_extreme_raid+htf_pd+mss,2025-10-27T02:15:00,buy,25642.672,25418.088,side:rev_side_conflicts_with_raid,pdh,bullish,aligned,D_FVG_bull_2025-10-21,,,,,,e1155f3592665b52,kernel_ticket:pass:kernel_session_ticket|side:FAIL:rev_side_conflicts_with_raid|risk:pass:within_caps|allowlist:FAIL:not_on_mint_allowlist|mode:pass:paper,
2025-10-27,US100,ny_am,True,REV,named_extreme_raid+htf_pd+mss,2025-10-27T07:15:00,buy,25687.238,25418.088,side:rev_side_conflicts_with_raid,pdh,bullish,qualified,D_FVG_bull_2025-10-21,,,,,,7c5856171e9e3316,kernel_ticket:pass:kernel_session_ticket|side:FAIL:rev_side_conflicts_with_raid|risk:pass:within_caps|allowlist:FAIL:not_on_mint_allowlist|mode:pass:paper,
2025-10-28,US100,london,False,,no_selected_candidate,,,,,,,,,,,,,,,,,
2025-10-28,US100,ny_am,True,REV,named_extreme_raid+htf_pd+mss,2025-10-28T07:15:00,buy,25843.925,25834.727,side:rev_side_conflicts_with_raid,pdh,bullish,aligned,D_FVG_bull_2025-10-27,,,,,,104dc5ee1523d22f,kernel_ticket:pass:kernel_session_ticket|side:FAIL:rev_side_conflicts_with_raid|risk:pass:within_caps|allowlist:FAIL:not_on_mint_allowlist|mode:pass:paper,
2025-10-29,US100,london,True,REV,named_extreme_raid+htf_pd+mss,2025-10-29T02:15:00,buy,26127.588,26085.772,side:rev_side_conflicts_with_raid,pdh,bullish,aligned,D_FVG_bull_2025-10-28,,,,,,c76fd1009a9e2523,kernel_ticket:pass:kernel_session_ticket|side:FAIL:rev_side_conflicts_with_raid|risk:pass:within_caps|allowlist:FAIL:not_on_mint_allowlist|mode:pass:paper,
2025-10-29,US100,ny_am,True,REV,named_extreme_raid+htf_pd+mss,2025-10-29T10:00:00,buy,26176.0,26085.772,side:rev_side_conflicts_with_raid,pdh,bullish,aligned,D_FVG_bull_2025-10-28,,,,,,bce241cb85288637,kernel_ticket:pass:kernel_session_ticket|side:FAIL:rev_side_conflicts_with_raid|risk:pass:within_caps|allowlist:FAIL:not_on_mint_allowlist|mode:pass:paper,
2025-10-30,US100,london,False,,no_selected_candidate,,,,,,,,,,,,,,,,,
2025-10-30,US100,ny_am,False,,no_selected_candidate,,,,,,,,,,,,,,,,,
2025-10-31,US100,london,False,,no_selected_candidate,,,,,,,,,,,,,,,,,
2025-10-31,US100,ny_am,False,,no_selected_candidate,,,,,,,,,,,,,,,,,
2025-11-03,US100,london,False,,no_selected_candidate,,,,,,,,,,,,,,,,,
2025-11-03,US100,ny_am,False,,no_selected_candidate,,,,,,,,,,,,,,,,,
2025-11-04,US100,london,False,,no_selected_candidate,,,,,,,,,,,,,,,,,
2025-11-04,US100,ny_am,True,REV,named_extreme_raid+htf_pd+mss,2025-11-04T10:00:00,buy,25746.149,25879.036,risk:stop_not_protective,pdl,bullish,aligned,D_FVG_bull_2025-10-27,,,,,,424d23ada4957bfe,kernel_ticket:pass:kernel_session_ticket|side:pass:determined|risk:FAIL:stop_not_protective|allowlist:FAIL:not_on_mint_allowlist|mode:pass:paper,
2025-11-05,US100,london,False,,no_selected_candidate,,,,,,,,,,,,,,,,,
2025-11-05,US100,ny_am,True,REV,named_extreme_raid+htf_pd+mss,2025-11-05T07:15:00,sell,25354.569,25418.208,side:rev_side_conflicts_with_raid,pdl,bearish,qualified,D_FVG_bull_2025-10-28,,,,,,9d6a0ee74e97bd56,kernel_ticket:pass:kernel_session_ticket|side:FAIL:rev_side_conflicts_with_raid|risk:pass:within_caps|allowlist:FAIL:not_on_mint_allowlist|mode:pass:paper,
2025-11-06,US100,london,False,,no_selected_candidate,,,,,,,,,,,,,,,,,
2025-11-06,US100,ny_am,False,,no_selected_candidate,,,,,,,,,,,,,,,,,
2025-11-07,US100,london,False,,no_selected_candidate,,,,,,,,,,,,,,,,,
2025-11-07,US100,ny_am,True,REV,named_extreme_raid+htf_pd+mss,2025-11-07T07:15:00,sell,25070.849,25081.343,side:rev_side_conflicts_with_raid,pdl,bearish,aligned,D_FVG_bull_2025-10-27,,,,,,562c6061e2c2cb52,kernel_ticket:pass:kernel_session_ticket|side:FAIL:rev_side_conflicts_with_raid|risk:pass:within_caps|allowlist:FAIL:not_on_mint_allowlist|mode:pass:paper,
2025-11-10,US100,london,False,,no_selected_candidate,,,,,,,,,,,,,,,,,
2025-11-10,US100,ny_am,False,,no_selected_candidate,,,,,,,,,,,,,,,,,
2025-11-11,US100,london,False,,no_selected_candidate,,,,,,,,,,,,,,,,,
2025-11-11,US100,ny_am,False,,no_selected_candidate,,,,,,,,,,,,,,,,,
2025-11-12,US100,london,False,,no_selected_candidate,,,,,,,,,,,,,,,,,
2025-11-12,US100,ny_am,True,REV,named_extreme_raid+htf_pd+mss,2025-11-12T10:00:00,sell,25491.249,25667.5,allowlist:not_on_mint_allowlist,pdh,bearish,aligned,D_FVG_bear_2025-11-05,,,,,,3122072afff8e642,kernel_ticket:pass:kernel_session_ticket|side:pass:determined|risk:pass:within_caps|allowlist:FAIL:not_on_mint_allowlist|mode:pass:paper,
2025-11-13,US100,london,False,,no_selected_candidate,,,,,,,,,,,,,,,,,
2025-11-13,US100,ny_am,True,REV,named_extreme_raid+htf_pd+mss,2025-11-13T09:45:00,sell,25192.569,25387.341,side:rev_side_conflicts_with_raid,pdl,bearish,aligned,D_FVG_bull_2025-11-11,,,,,,caeb5ec4ddbee496,kernel_ticket:pass:kernel_session_ticket|side:FAIL:rev_side_conflicts_with_raid|risk:pass:within_caps|allowlist:FAIL:not_on_mint_allowlist|mode:pass:paper,
2025-11-14,US100,london,True,REV,named_extreme_raid+htf_pd+mss,2025-11-14T02:15:00,sell,24885.653,24905.106,side:rev_side_conflicts_with_raid,pdl,bearish,aligned,D_FVG_bull_2025-11-11,,,,,,df89dcb29e7d0e04,kernel_ticket:pass:kernel_session_ticket|side:FAIL:rev_side_conflicts_with_raid|risk:pass:within_caps|allowlist:FAIL:not_on_mint_allowlist|mode:pass:paper,
2025-11-14,US100,ny_am,True,REV,named_extreme_raid+htf_pd+mss,2025-11-14T07:15:00,sell,24657.381,24905.106,side:rev_side_conflicts_with_raid,pdl,bearish,aligned,D_FVG_bull_2025-10-21,,,,,,bf7fa46eaf935a43,kernel_ticket:pass:kernel_session_ticket|side:FAIL:rev_side_conflicts_with_raid|risk:pass:within_caps|allowlist:FAIL:not_on_mint_allowlist|mode:pass:paper,
2025-11-17,US100,london,False,,no_selected_candidate,,,,,,,,,,,,,,,,,
2025-11-17,US100,ny_am,True,REV,named_extreme_raid+htf_pd+mss,2025-11-17T10:00:00,buy,25110.849,25200.758,side:rev_side_conflicts_with_raid,pdh,bullish,aligned,D_FVG_bull_2025-10-21,,,,,,c0676fda99f1c62a,kernel_ticket:pass:kernel_session_ticket|side:FAIL:rev_side_conflicts_with_raid|risk:FAIL:stop_not_protective|allowlist:FAIL:not_on_mint_allowlist|mode:pass:paper,
2025-11-18,US100,london,True,REV,named_extreme_raid+htf_pd+mss,2025-11-18T02:15:00,sell,24551.425,24646.62,side:rev_side_conflicts_with_raid,pdl,bearish,aligned,D_FVG_bull_2025-10-21,,,,,,2a37fce2cffc33c6,kernel_ticket:pass:kernel_session_ticket|side:FAIL:rev_side_conflicts_with_raid|risk:pass:within_caps|allowlist:FAIL:not_on_mint_allowlist|mode:pass:paper,
2025-11-18,US100,ny_am,True,REV,named_extreme_raid+htf_pd+mss,2025-11-18T10:00:00,sell,24438.392,24646.62,side:rev_side_conflicts_with_raid,pdl,bearish,aligned,D_FVG_bull_2025-10-21,,,,,,e32aad0a4c615a71,kernel_ticket:pass:kernel_session_ticket|side:FAIL:rev_side_conflicts_with_raid|risk:pass:within_caps|allowlist:FAIL:not_on_mint_allowlist|mode:pass:paper,
2025-11-19,US100,london,False,,no_selected_candidate,,,,,,,,,,,,,,,,,
2025-11-19,US100,ny_am,False,,no_selected_candidate,,,,,,,,,,,,,,,,,
2025-11-20,US100,london,False,,no_selected_candidate,,,,,,,,,,,,,,,,,
2025-11-20,US100,ny_am,False,,no_selected_candidate,,,,,,,,,,,,,,,,,
2025-11-21,US100,london,False,,no_selected_candidate,,,,,,,,,,,,,,,,,
2025-11-21,US100,ny_am,True,REV,named_extreme_raid+htf_pd+mss,2025-11-21T07:15:00,sell,23944.099,24011.924,side:rev_side_conflicts_with_raid,pdl,bearish,aligned,D_FVG_bear_2025-11-14,,,,,,2d98b503109d27bb,kernel_ticket:pass:kernel_session_ticket|side:FAIL:rev_side_conflicts_with_raid|risk:pass:within_caps|allowlist:FAIL:not_on_mint_allowlist|mode:pass:paper,
2025-11-24,US100,london,False,,no_selected_candidate,,,,,,,,,,,,,,,,,
2025-11-24,US100,ny_am,False,,no_selected_candidate,,,,,,,,,,,,,,,,,
2025-11-25,US100,london,False,,no_selected_candidate,,,,,,,,,,,,,,,,,
2025-11-25,US100,ny_am,False,,no_selected_candidate,,,,,,,,,,,,,,,,,
2025-11-26,US100,london,True,REV,named_extreme_raid+htf_pd+mss,2025-11-26T02:30:00,buy,25167.381,25066.381,side:rev_side_conflicts_with_raid,pdh,bullish,aligned,D_FVG_bull_2025-11-25,,,,,,c311265336333c64,kernel_ticket:pass:kernel_session_ticket|side:FAIL:rev_side_conflicts_with_raid|risk:pass:within_caps|allowlist:FAIL:not_on_mint_allowlist|mode:pass:paper,
2025-11-26,US100,ny_am,False,,no_selected_candidate,,,,,,,,,,,,,,,,,
2025-12-01,US100,london,False,,no_selected_candidate,,,,,,,,,,,,,,,,,
2025-12-01,US100,ny_am,False,,no_selected_candidate,,,,,,,,,,,,,,,,,
2025-12-02,US100,london,False,,no_selected_candidate,,,,,,,,,,,,,,,,,
2025-12-02,US100,ny_am,False,,no_selected_candidate,,,,,,,,,,,,,,,,,
2025-12-03,US100,london,True,REV,named_extreme_raid+htf_pd+mss,2025-12-03T02:15:00,buy,25620.305,25621.149,side:rev_side_conflicts_with_raid,pdh,bullish,qualified,D_FVG_bull_2025-11-11,,,,,,6620bc2fe8a02eac,kernel_ticket:pass:kernel_session_ticket|side:FAIL:rev_side_conflicts_with_raid|risk:FAIL:stop_not_protective|allowlist:FAIL:not_on_mint_allowlist|mode:pass:paper,
2025-12-03,US100,ny_am,False,,no_selected_candidate,,,,,,,,,,,,,,,,,
2025-12-04,US100,london,False,,no_selected_candidate,,,,,,,,,,,,,,,,,
2025-12-04,US100,ny_am,False,,no_selected_candidate,,,,,,,,,,,,,,,,,
2025-12-05,US100,london,False,,no_selected_candidate,,,,,,,,,,,,,,,,,
2025-12-05,US100,ny_am,False,,no_selected_candidate,,,,,,,,,,,,,,,,,
2025-12-08,US100,london,False,,no_selected_candidate,,,,,,,,,,,,,,,,,
2025-12-08,US100,ny_am,False,,no_selected_candidate,,,,,,,,,,,,,,,,,
2025-12-09,US100,london,False,,no_selected_candidate,,,,,,,,,,,,,,,,,
2025-12-09,US100,ny_am,False,,no_selected_candidate,,,,,,,,,,,,,,,,,
2025-12-10,US100,london,False,,no_selected_candidate,,,,,,,,,,,,,,,,,
2025-12-10,US100,ny_am,False,,no_selected_candidate,,,,,,,,,,,,,,,,,
2025-12-11,US100,london,False,,no_selected_candidate,,,,,,,,,,,,,,,,,
2025-12-11,US100,ny_am,True,REV,named_extreme_raid+htf_pd+mss,2025-12-11T07:15:00,buy,25616.261,25500.215,allowlist:not_on_mint_allowlist,pdl,bullish,aligned,D_FVG_bull_2025-11-11,,,,,,4db7ac86d4ba692f,kernel_ticket:pass:kernel_session_ticket|side:pass:determined|risk:pass:within_caps|allowlist:FAIL:not_on_mint_allowlist|mode:pass:paper,
2025-12-12,US100,london,False,,no_selected_candidate,,,,,,,,,,,,,,,,,
2025-12-12,US100,ny_am,False,,no_selected_candidate,,,,,,,,,,,,,,,,,
2025-12-15,US100,london,False,,no_selected_candidate,,,,,,,,,,,,,,,,,
2025-12-15,US100,ny_am,False,,no_selected_candidate,,,,,,,,,,,,,,,,,
2025-12-16,US100,london,True,REV,named_extreme_raid+htf_pd+mss,2025-12-16T02:15:00,sell,24857.881,25015.687,side:rev_side_conflicts_with_raid,pdl,bearish,qualified,D_FVG_bull_2025-11-26,,,,,,8fed2e7ef9e0975a,kernel_ticket:pass:kernel_session_ticket|side:FAIL:rev_side_conflicts_with_raid|risk:pass:within_caps|allowlist:FAIL:not_on_mint_allowlist|mode:pass:paper,
2025-12-16,US100,ny_am,False,,no_selected_candidate,,,,,,,,,,,,,,,,,
2025-12-17,US100,london,False,,no_selected_candidate,,,,,,,,,,,,,,,,,
2025-12-17,US100,ny_am,True,REV,named_extreme_raid+htf_pd+mss,2025-12-17T08:15:00,buy,25208.099,25189.659,side:rev_side_conflicts_with_raid,pdh,bullish,qualified,D_FVG_bull_2025-12-01,,,,,,1dab0854e0ce16a7,kernel_ticket:pass:kernel_session_ticket|side:FAIL:rev_side_conflicts_with_raid|risk:pass:within_caps|allowlist:FAIL:not_on_mint_allowlist|mode:pass:paper,
2025-12-18,US100,london,False,,no_selected_candidate,,,,,,,,,,,,,,,,,
2025-12-18,US100,ny_am,False,,no_selected_candidate,,,,,,,,,,,,,,,,,
2025-12-19,US100,london,False,,no_selected_candidate,,,,,,,,,,,,,,,,,
2025-12-19,US100,ny_am,True,REV,named_extreme_raid+htf_pd+mss,2025-12-19T10:00:00,buy,25323.783,25164.229,side:rev_side_conflicts_with_raid,pdh,bullish,aligned,D_FVG_bull_2025-12-01,,,,,,834ba8822fb066d9,kernel_ticket:pass:kernel_session_ticket|side:FAIL:rev_side_conflicts_with_raid|risk:pass:within_caps|allowlist:FAIL:not_on_mint_allowlist|mode:pass:paper,
2025-12-22,US100,london,False,,no_selected_candidate,,,,,,,,,,,,,,,,,
2025-12-22,US100,ny_am,True,REV,named_extreme_raid+htf_pd+mss,2025-12-22T07:15:00,buy,25473.947,25363.925,side:rev_side_conflicts_with_raid,pdh,bullish,qualified,D_FVG_bull_2025-12-01,,,,,,03f6c5778edd9214,kernel_ticket:pass:kernel_session_ticket|side:FAIL:rev_side_conflicts_with_raid|risk:pass:within_caps|allowlist:FAIL:not_on_mint_allowlist|mode:pass:paper,
2025-12-23,US100,london,False,,no_selected_candidate,,,,,,,,,,,,,,,,,
2025-12-23,US100,ny_am,True,REV,named_extreme_raid+htf_pd+mss,2025-12-23T09:00:00,buy,25388.342,25392.697,risk:stop_not_protective,pdl,bullish,qualified,D_FVG_bull_2025-12-01,,,,,,607c0614ec04cb07,kernel_ticket:pass:kernel_session_ticket|side:pass:determined|risk:FAIL:stop_not_protective|allowlist:FAIL:not_on_mint_allowlist|mode:pass:paper,
2025-12-26,US100,london,False,,no_selected_candidate,,,,,,,,,,,,,,,,,
2025-12-26,US100,ny_am,True,REV,named_extreme_raid+htf_pd+mss,2025-12-26T07:15:00,buy,25655.381,25590.228,side:rev_side_conflicts_with_raid,pdh,bullish,qualified,D_FVG_bull_2025-12-23,,,,,,e73af7e790bdd183,kernel_ticket:pass:kernel_session_ticket|side:FAIL:rev_side_conflicts_with_raid|risk:pass:within_caps|allowlist:FAIL:not_on_mint_allowlist|mode:pass:paper,
2025-12-29,US100,london,True,REV,named_extreme_raid+htf_pd+mss,2025-12-29T03:45:00,sell,25540.892,25614.947,side:rev_side_conflicts_with_raid,pdl,bearish,aligned,D_FVG_bull_2025-12-26,,,,,,29ec21d4836d3861,kernel_ticket:pass:kernel_session_ticket|side:FAIL:rev_side_conflicts_with_raid|risk:pass:within_caps|allowlist:FAIL:not_on_mint_allowlist|mode:pass:paper,
2025-12-29,US100,ny_am,True,REV,named_extreme_raid+htf_pd+mss,2025-12-29T07:15:00,sell,25552.12,25614.947,side:rev_side_conflicts_with_raid,pdl,bearish,qualified,D_FVG_bull_2025-12-26,,,,,,7f88cb3df3fb99a0,kernel_ticket:pass:kernel_session_ticket|side:FAIL:rev_side_conflicts_with_raid|risk:pass:within_caps|allowlist:FAIL:not_on_mint_allowlist|mode:pass:paper,
2025-12-30,US100,london,False,,no_selected_candidate,,,,,,,,,,,,,,,,,
2025-12-30,US100,ny_am,False,,no_selected_candidate,,,,,,,,,,,,,,,,,
2025-12-31,US100,london,True,REV,named_extreme_raid+htf_pd+mss,2025-12-31T02:15:00,sell,25376.392,25456.235,side:rev_side_conflicts_with_raid,pdl,bearish,aligned,D_FVG_bull_2025-12-26,,,,,,8eecb44aba4eb238,kernel_ticket:pass:kernel_session_ticket|side:FAIL:rev_side_conflicts_with_raid|risk:pass:within_caps|allowlist:FAIL:not_on_mint_allowlist|mode:pass:paper,
2025-12-31,US100,ny_am,True,REV,named_extreme_raid+htf_pd+mss,2025-12-31T07:15:00,sell,25399.044,25456.235,side:rev_side_conflicts_with_raid,pdl,bearish,qualified,D_FVG_bull_2025-12-26,,,,,,8fe097bb5943ac67,kernel_ticket:pass:kernel_session_ticket|side:FAIL:rev_side_conflicts_with_raid|risk:pass:within_caps|allowlist:FAIL:not_on_mint_allowlist|mode:pass:paper,
2026-01-02,US100,london,False,,no_selected_candidate,,,,,,,,,,,,,,,,,
2026-01-02,US100,ny_am,False,,no_selected_candidate,,,,,,,,,,,,,,,,,
2026-01-05,US100,london,False,,no_selected_candidate,,,,,,,,,,,,,,,,,
2026-01-05,US100,ny_am,False,,no_selected_candidate,,,,,,,,,,,,,,,,,
2026-01-06,US100,london,False,,no_selected_candidate,,,,,,,,,,,,,,,,,
2026-01-06,US100,ny_am,False,,no_selected_candidate,,,,,,,,,,,,,,,,,
2026-01-07,US100,london,False,,no_selected_candidate,,,,,,,,,,,,,,,,,
2026-01-07,US100,ny_am,True,REV,named_extreme_raid+htf_pd+mss,2026-01-07T10:00:00,buy,25675.275,25651.801,side:rev_side_conflicts_with_raid,pdh,bullish,aligned,D_FVG_bear_2025-12-30,,,,,,f990225ca4c2381e,kernel_ticket:pass:kernel_session_ticket|side:FAIL:rev_side_conflicts_with_raid|risk:pass:within_caps|allowlist:FAIL:not_on_mint_allowlist|mode:pass:paper,
2026-01-08,US100,london,True,REV,named_extreme_raid+htf_pd+mss,2026-01-08T02:15:00,sell,25539.853,25544.349,side:rev_side_conflicts_with_raid,pdl,bearish,aligned,D_FVG_bull_2025-12-26,,,,,,de0c7379b823b200,kernel_ticket:pass:kernel_session_ticket|side:FAIL:rev_side_conflicts_with_raid|risk:pass:within_caps|allowlist:FAIL:not_on_mint_allowlist|mode:pass:paper,
2026-01-08,US100,ny_am,True,REV,named_extreme_raid+htf_pd+mss,2026-01-08T10:00:00,sell,25427.761,25544.349,side:rev_side_conflicts_with_raid,pdl,bearish,aligned,D_FVG_bull_2026-01-07,,,,,,94cf9ee4abc78a04,kernel_ticket:pass:kernel_session_ticket|side:FAIL:rev_side_conflicts_with_raid|risk:pass:within_caps|allowlist:FAIL:not_on_mint_allowlist|mode:pass:paper,
2026-01-09,US100,london,False,,no_selected_candidate,,,,,,,,,,,,,,,,,
2026-01-09,US100,ny_am,False,,no_selected_candidate,,,,,,,,,,,,,,,,,
2026-01-12,US100,london,False,,no_selected_candidate,,,,,,,,,,,,,,,,,
2026-01-12,US100,ny_am,False,,no_selected_candidate,,,,,,,,,,,,,,,,,
2026-01-13,US100,london,False,,no_selected_candidate,,,,,,,,,,,,,,,,,
2026-01-13,US100,ny_am,True,REV,named_extreme_raid+htf_pd+mss,2026-01-13T10:00:00,buy,25782.425,25851.296,side:rev_side_conflicts_with_raid,pdh,bullish,qualified,D_FVG_bear_2025-12-30,,,,,,1c247787cb9988b7,kernel_ticket:pass:kernel_session_ticket|side:FAIL:rev_side_conflicts_with_raid|risk:FAIL:stop_not_protective|allowlist:FAIL:not_on_mint_allowlist|mode:pass:paper,
2026-01-14,US100,london,False,,no_selected_candidate,,,,,,,,,,,,,,,,,
2026-01-14,US100,ny_am,True,REV,named_extreme_raid+htf_pd+mss,2026-01-14T09:30:00,sell,25576.261,25640.393,side:rev_side_conflicts_with_raid,pdl,bearish,aligned,D_FVG_bear_2025-12-30,,,,,,0bd35c4ffe468583,kernel_ticket:pass:kernel_session_ticket|side:FAIL:rev_side_conflicts_with_raid|risk:pass:within_caps|allowlist:FAIL:not_on_mint_allowlist|mode:pass:paper,
2026-01-15,US100,london,False,,no_selected_candidate,,,,,,,,,,,,,,,,,
2026-01-15,US100,ny_am,False,,no_selected_candidate,,,,,,,,,,,,,,,,,
2026-01-16,US100,london,False,,no_selected_candidate,,,,,,,,,,,,,,,,,
2026-01-16,US100,ny_am,False,,no_selected_candidate,,,,,,,,,,,,,,,,,
2026-01-20,US100,london,True,REV,named_extreme_raid+htf_pd+mss,2026-01-20T02:15:00,sell,25136.708,25437.305,side:rev_side_conflicts_with_raid,pdl,bearish,aligned,D_FVG_bull_2025-12-22,,,,,,623c2d14fa467a70,kernel_ticket:pass:kernel_session_ticket|side:FAIL:rev_side_conflicts_with_raid|risk:pass:within_caps|allowlist:FAIL:not_on_mint_allowlist|mode:pass:paper,
2026-01-20,US100,ny_am,True,REV,named_extreme_raid+htf_pd+mss,2026-01-20T07:15:00,sell,25095.577,25437.305,side:rev_side_conflicts_with_raid,pdl,bearish,qualified,D_FVG_bull_2025-12-22,,,,,,2498b11ac43490d2,kernel_ticket:pass:kernel_session_ticket|side:FAIL:rev_side_conflicts_with_raid|risk:pass:within_caps|allowlist:FAIL:not_on_mint_allowlist|mode:pass:paper,
2026-01-21,US100,london,False,,no_selected_candidate,,,,,,,,,,,,,,,,,
2026-01-21,US100,ny_am,True,REV,named_extreme_raid+htf_pd+mss,2026-01-21T07:15:00,sell,24915.311,24944.849,side:rev_side_conflicts_with_raid,pdl,bearish,aligned,D_FVG_bull_2025-12-22,,,,,,3c0f893f56a8381c,kernel_ticket:pass:kernel_session_ticket|side:FAIL:rev_side_conflicts_with_raid|risk:pass:within_caps|allowlist:FAIL:not_on_mint_allowlist|mode:pass:paper,
2026-01-22,US100,london,False,,no_selected_candidate,,,,,,,,,,,,,,,,,
2026-01-22,US100,ny_am,True,REV,named_extreme_raid+htf_pd+mss,2026-01-22T07:15:00,buy,25525.016,25502.64,side:rev_side_conflicts_with_raid,pdh,bullish,qualified,D_FVG_bull_2025-12-23,,,,,,ec9291d783d283ad,kernel_ticket:pass:kernel_session_ticket|side:FAIL:rev_side_conflicts_with_raid|risk:pass:within_caps|allowlist:FAIL:not_on_mint_allowlist|mode:pass:paper,
2026-01-23,US100,london,False,,no_selected_candidate,,,,,,,,,,,,,,,,,
2026-01-23,US100,ny_am,False,,no_selected_candidate,,,,,,,,,,,,,,,,,
2026-01-26,US100,london,False,,no_selected_candidate,,,,,,,,,,,,,,,,,
2026-01-26,US100,ny_am,False,,no_selected_candidate,,,,,,,,,,,,,,,,,
2026-01-27,US100,london,True,REV,named_extreme_raid+htf_pd+mss,2026-01-27T02:15:00,buy,25876.044,25796.745,side:rev_side_conflicts_with_raid,pdh,bullish,qualified,D_FVG_bear_2025-12-30,,,,,,d21017a6931218ac,kernel_ticket:pass:kernel_session_ticket|side:FAIL:rev_side_conflicts_with_raid|risk:pass:within_caps|allowlist:FAIL:not_on_mint_allowlist|mode:pass:paper,
2026-01-27,US100,ny_am,True,REV,named_extreme_raid+htf_pd+mss,2026-01-27T07:15:00,buy,25887.5,25796.745,side:rev_side_conflicts_with_raid,pdh,bullish,aligned,D_FVG_bear_2025-12-30,,,,,,96836a29fa66403a,kernel_ticket:pass:kernel_session_ticket|side:FAIL:rev_side_conflicts_with_raid|risk:pass:within_caps|allowlist:FAIL:not_on_mint_allowlist|mode:pass:paper,
2026-01-28,US100,london,True,REV,named_extreme_raid+htf_pd+mss,2026-01-28T02:15:00,buy,26191.903,25982.416,side:rev_side_conflicts_with_raid,pdh,bullish,aligned,D_FVG_bull_2026-01-27,,,,,,62e4c1431be6e859,kernel_ticket:pass:kernel_session_ticket|side:FAIL:rev_side_conflicts_with_raid|risk:pass:within_caps|allowlist:FAIL:not_on_mint_allowlist|mode:pass:paper,
2026-01-28,US100,ny_am,True,REV,named_extreme_raid+htf_pd+mss,2026-01-28T07:15:00,buy,26162.87,25982.416,side:rev_side_conflicts_with_raid,pdh,bullish,aligned,D_FVG_bull_2026-01-27,,,,,,bdd73f0ee4bb70f7,kernel_ticket:pass:kernel_session_ticket|side:FAIL:rev_side_conflicts_with_raid|risk:pass:within_caps|allowlist:FAIL:not_on_mint_allowlist|mode:pass:paper,
2026-01-29,US100,london,False,,no_selected_candidate,,,,,,,,,,,,,,,,,
2026-01-29,US100,ny_am,False,,no_selected_candidate,,,,,,,,,,,,,,,,,
2026-01-30,US100,london,False,,no_selected_candidate,,,,,,,,,,,,,,,,,
2026-01-30,US100,ny_am,False,,no_selected_candidate,,,,,,,,,,,,,,,,,
2026-02-02,US100,london,True,REV,named_extreme_raid+htf_pd+mss,2026-02-02T03:45:00,sell,25292.279,25454.7,side:rev_side_conflicts_with_raid,pdl,bearish,qualified,D_FVG_bull_2026-01-07,,,,,,aa700e3647187a3f,kernel_ticket:pass:kernel_session_ticket|side:FAIL:rev_side_conflicts_with_raid|risk:pass:within_caps|allowlist:FAIL:not_on_mint_allowlist|mode:pass:paper,
2026-02-02,US100,ny_am,False,,no_selected_candidate,,,,,,,,,,,,,,,,,
2026-02-03,US100,london,True,REV,named_extreme_raid+htf_pd+mss,2026-02-03T03:15:00,buy,25909.342,25833.119,side:rev_side_conflicts_with_raid,pdh,bullish,aligned,D_FVG_bull_2026-01-28,,,,,,e8902a21da9d2e43,kernel_ticket:pass:kernel_session_ticket|side:FAIL:rev_side_conflicts_with_raid|risk:pass:within_caps|allowlist:FAIL:not_on_mint_allowlist|mode:pass:paper,
2026-02-03,US100,ny_am,False,,no_selected_candidate,,,,,,,,,,,,,,,,,
2026-02-04,US100,london,False,,no_selected_candidate,,,,,,,,,,,,,,,,,
2026-02-04,US100,ny_am,False,,no_selected_candidate,,,,,,,,,,,,,,,,,
2026-02-05,US100,london,False,,no_selected_candidate,,,,,,,,,,,,,,,,,
2026-02-05,US100,ny_am,True,REV,named_extreme_raid+htf_pd+mss,2026-02-05T08:00:00,sell,24693.447,24680.097,side:rev_side_conflicts_with_raid,pdl,bearish,aligned,D_FVG_bull_2026-01-22,,,,,,d92084e3dd09f3fc,kernel_ticket:pass:kernel_session_ticket|side:FAIL:rev_side_conflicts_with_raid|risk:FAIL:stop_not_protective|allowlist:FAIL:not_on_mint_allowlist|mode:pass:paper,
2026-02-06,US100,london,False,,no_selected_candidate,,,,,,,,,,,,,,,,,
2026-02-06,US100,ny_am,False,,no_selected_candidate,,,,,,,,,,,,,,,,,
2026-02-09,US100,london,False,,no_selected_candidate,,,,,,,,,,,,,,,,,
2026-02-09,US100,ny_am,False,,no_selected_candidate,,,,,,,,,,,,,,,,,
2026-02-10,US100,london,False,,no_selected_candidate,,,,,,,,,,,,,,,,,
2026-02-10,US100,ny_am,False,,no_selected_candidate,,,,,,,,,,,,,,,,,
2026-02-11,US100,london,False,,no_selected_candidate,,,,,,,,,,,,,,,,,
2026-02-11,US100,ny_am,True,REV,named_extreme_raid+htf_pd+mss,2026-02-11T07:15:00,sell,25190.816,25113.903,side:rev_side_conflicts_with_raid,pdl,bearish,qualified,D_FVG_bull_2026-01-22,,,,,,3ce119197a249ef9,kernel_ticket:pass:kernel_session_ticket|side:FAIL:rev_side_conflicts_with_raid|risk:FAIL:stop_not_protective|allowlist:FAIL:not_on_mint_allowlist|mode:pass:paper,
2026-02-12,US100,london,False,,no_selected_candidate,,,,,,,,,,,,,,,,,
2026-02-12,US100,ny_am,False,,no_selected_candidate,,,,,,,,,,,,,,,,,
2026-02-13,US100,london,True,REV,named_extreme_raid+htf_pd+mss,2026-02-13T02:15:00,sell,24662.686,24642.57,side:rev_side_conflicts_with_raid,pdl,bearish,qualified,D_FVG_bear_2026-02-05,,,,,,15060a5f0b9afafc,kernel_ticket:pass:kernel_session_ticket|side:FAIL:rev_side_conflicts_with_raid|risk:FAIL:stop_not_protective|allowlist:FAIL:not_on_mint_allowlist|mode:pass:paper,
2026-02-13,US100,ny_am,True,REV,named_extreme_raid+htf_pd+mss,2026-02-13T10:00:00,sell,24624.708,24642.57,side:rev_side_conflicts_with_raid,pdl,bearish,aligned,D_FVG_bear_2026-02-05,,,,,,482e7919bf1a0b31,kernel_ticket:pass:kernel_session_ticket|side:FAIL:rev_side_conflicts_with_raid|risk:pass:within_caps|allowlist:FAIL:not_on_mint_allowlist|mode:pass:paper,
2026-02-17,US100,london,True,REV,named_extreme_raid+htf_pd+mss,2026-02-17T02:15:00,sell,24530.892,24506.631,side:rev_side_conflicts_with_raid,pdl,bearish,qualified,D_FVG_bear_2026-02-13,,,,,,939e1f477f4576ee,kernel_ticket:pass:kernel_session_ticket|side:FAIL:rev_side_conflicts_with_raid|risk:FAIL:stop_not_protective|allowlist:FAIL:not_on_mint_allowlist|mode:pass:paper,
2026-02-17,US100,ny_am,True,REV,named_extreme_raid+htf_pd+mss,2026-02-17T07:15:00,sell,24582.881,24506.631,side:rev_side_conflicts_with_raid,pdl,bearish,qualified,D_FVG_bear_2026-02-13,,,,,,74de649bc1025fd1,kernel_ticket:pass:kernel_session_ticket|side:FAIL:rev_side_conflicts_with_raid|risk:FAIL:stop_not_protective|allowlist:FAIL:not_on_mint_allowlist|mode:pass:paper,
2026-02-18,US100,london,False,,no_selected_candidate,,,,,,,,,,,,,,,,,
2026-02-18,US100,ny_am,False,,no_selected_candidate,,,,,,,,,,,,,,,,,
2026-02-19,US100,london,False,,no_selected_candidate,,,,,,,,,,,,,,,,,
2026-02-19,US100,ny_am,False,,no_selected_candidate,,,,,,,,,,,,,,,,,
2026-02-20,US100,london,False,,no_selected_candidate,,,,,,,,,,,,,,,,,
2026-02-20,US100,ny_am,True,REV,named_extreme_raid+htf_pd+mss,2026-02-20T09:00:00,sell,24711.022,24685.527,side:rev_side_conflicts_with_raid,pdl,bearish,aligned,D_FVG_bear_2026-02-13,,,,,,28c22b9c4c380aac,kernel_ticket:pass:kernel_session_ticket|side:FAIL:rev_side_conflicts_with_raid|risk:FAIL:stop_not_protective|allowlist:FAIL:not_on_mint_allowlist|mode:pass:paper,
2026-02-23,US100,london,False,,no_selected_candidate,,,,,,,,,,,,,,,,,
2026-02-23,US100,ny_am,False,,no_selected_candidate,,,,,,,,,,,,,,,,,
2026-02-24,US100,london,False,,no_selected_candidate,,,,,,,,,,,,,,,,,
2026-02-24,US100,ny_am,False,,no_selected_candidate,,,,,,,,,,,,,,,,,
2026-02-25,US100,london,False,,no_selected_candidate,,,,,,,,,,,,,,,,,
2026-02-25,US100,ny_am,True,REV,named_extreme_raid+htf_pd+mss,2026-02-25T07:15:00,buy,25061.249,25022.528,side:rev_side_conflicts_with_raid,pdh,bullish,aligned,D_FVG_bear_2026-02-13,,,,,,713522c003861158,kernel_ticket:pass:kernel_session_ticket|side:FAIL:rev_side_conflicts_with_raid|risk:pass:within_caps|allowlist:FAIL:not_on_mint_allowlist|mode:pass:paper,
2026-02-26,US100,london,False,,no_selected_candidate,,,,,,,,,,,,,,,,,
2026-02-26,US100,ny_am,True,REV,named_extreme_raid+htf_pd+mss,2026-02-26T09:15:00,buy,25329.772,25354.928,side:rev_side_conflicts_with_raid,pdh,bullish,aligned,D_FVG_bear_2026-02-05,,,,,,37770f6521e1201b,kernel_ticket:pass:kernel_session_ticket|side:FAIL:rev_side_conflicts_with_raid|risk:FAIL:stop_not_protective|allowlist:FAIL:not_on_mint_allowlist|mode:pass:paper,
2026-02-27,US100,london,False,,no_selected_candidate,,,,,,,,,,,,,,,,,
2026-02-27,US100,ny_am,True,REV,named_extreme_raid+htf_pd+mss,2026-02-27T09:00:00,sell,24828.155,24818.562,side:rev_side_conflicts_with_raid,pdl,bearish,aligned,D_FVG_bear_2026-02-13,,,,,,b16e4b53c30e9800,kernel_ticket:pass:kernel_session_ticket|side:FAIL:rev_side_conflicts_with_raid|risk:FAIL:stop_not_protective|allowlist:FAIL:not_on_mint_allowlist|mode:pass:paper,
2026-03-02,US100,london,True,REV,named_extreme_raid+htf_pd+mss,2026-03-02T02:15:00,sell,24500.997,24740.558,side:rev_side_conflicts_with_raid,pdl,bearish,aligned,D_FVG_bear_2026-02-13,,,,,,a8526cdc3905808f,kernel_ticket:pass:kernel_session_ticket|side:FAIL:rev_side_conflicts_with_raid|risk:pass:within_caps|allowlist:FAIL:not_on_mint_allowlist|mode:pass:paper,
2026-03-02,US100,ny_am,False,,no_selected_candidate,,,,,,,,,,,,,,,,,
2026-03-03,US100,london,False,,no_selected_candidate,,,,,,,,,,,,,,,,,
2026-03-03,US100,ny_am,False,,no_selected_candidate,,,,,,,,,,,,,,,,,
2026-03-04,US100,london,False,,no_selected_candidate,,,,,,,,,,,,,,,,,
2026-03-04,US100,ny_am,False,,no_selected_candidate,,,,,,,,,,,,,,,,,
2026-03-05,US100,london,False,,no_selected_candidate,,,,,,,,,,,,,,,,,
2026-03-05,US100,ny_am,False,,no_selected_candidate,,,,,,,,,,,,,,,,,
2026-03-06,US100,london,False,,no_selected_candidate,,,,,,,,,,,,,,,,,
2026-03-06,US100,ny_am,True,REV,named_extreme_raid+htf_pd+mss,2026-03-06T09:00:00,sell,24616.07,24741.453,side:rev_side_conflicts_with_raid,pdl,bearish,aligned,D_FVG_bear_2026-02-13,,,,,,880103a4a1daa666,kernel_ticket:pass:kernel_session_ticket|side:FAIL:rev_side_conflicts_with_raid|risk:pass:within_caps|allowlist:FAIL:not_on_mint_allowlist|mode:pass:paper,
2026-03-09,US100,london,False,,no_selected_candidate,,,,,,,,,,,,,,,,,
2026-03-09,US100,ny_am,True,REV,named_extreme_raid+htf_pd+mss,2026-03-09T10:00:00,sell,24344.522,24577.085,side:rev_side_conflicts_with_raid,pdl,bearish,aligned,D_FVG_bear_2026-02-13,,,,,,ba38dac6afc81fae,kernel_ticket:pass:kernel_session_ticket|side:FAIL:rev_side_conflicts_with_raid|risk:pass:within_caps|allowlist:FAIL:not_on_mint_allowlist|mode:pass:paper,
2026-03-10,US100,london,False,,no_selected_candidate,,,,,,,,,,,,,,,,,
2026-03-10,US100,ny_am,True,REV,named_extreme_raid+htf_pd+mss,2026-03-10T07:15:00,buy,24981.125,25022.429,side:rev_side_conflicts_with_raid,pdh,bullish,qualified,D_FVG_bear_2026-02-13,,,,,,10910c1284ba4df2,kernel_ticket:pass:kernel_session_ticket|side:FAIL:rev_side_conflicts_with_raid|risk:FAIL:stop_not_protective|allowlist:FAIL:not_on_mint_allowlist|mode:pass:paper,
2026-03-11,US100,london,False,,no_selected_candidate,,,,,,,,,,,,,,,,,
2026-03-11,US100,ny_am,False,,no_selected_candidate,,,,,,,,,,,,,,,,,
2026-03-12,US100,london,True,REV,named_extreme_raid+htf_pd+mss,2026-03-12T02:15:00,sell,24732.719,24850.829,side:rev_side_conflicts_with_raid,pdl,bearish,qualified,D_FVG_bear_2026-02-13,,,,,,b9bf0710a176853c,kernel_ticket:pass:kernel_session_ticket|side:FAIL:rev_side_conflicts_with_raid|risk:pass:within_caps|allowlist:FAIL:not_on_mint_allowlist|mode:pass:paper,
2026-03-12,US100,ny_am,True,REV,named_extreme_raid+htf_pd+mss,2026-03-12T10:00:00,sell,24637.816,24850.829,side:rev_side_conflicts_with_raid,pdl,bearish,aligned,D_FVG_bear_2026-02-13,,,,,,157fcb96aa8e0da6,kernel_ticket:pass:kernel_session_ticket|side:FAIL:rev_side_conflicts_with_raid|risk:pass:within_caps|allowlist:FAIL:not_on_mint_allowlist|mode:pass:paper,
2026-03-13,US100,london,True,REV,named_extreme_raid+htf_pd+mss,2026-03-13T03:00:00,sell,24463.708,24520.78,side:rev_side_conflicts_with_raid,pdl,bearish,aligned,D_FVG_bear_2026-02-13,,,,,,dee10a4c6c72b7b8,kernel_ticket:pass:kernel_session_ticket|side:FAIL:rev_side_conflicts_with_raid|risk:pass:within_caps|allowlist:FAIL:not_on_mint_allowlist|mode:pass:paper,
2026-03-13,US100,ny_am,True,REV,named_extreme_raid+htf_pd+mss,2026-03-13T07:15:00,sell,24601.566,24520.78,side:rev_side_conflicts_with_raid,pdl,bearish,qualified,D_FVG_bear_2026-02-13,,,,,,33b96bc6148a6569,kernel_ticket:pass:kernel_session_ticket|side:FAIL:rev_side_conflicts_with_raid|risk:FAIL:stop_not_protective|allowlist:FAIL:not_on_mint_allowlist|mode:pass:paper,
2026-03-16,US100,london,False,,no_selected_candidate,,,,,,,,,,,,,,,,,
2026-03-16,US100,ny_am,False,,no_selected_candidate,,,,,,,,,,,,,,,,,
2026-03-17,US100,london,False,,no_selected_candidate,,,,,,,,,,,,,,,,,
2026-03-17,US100,ny_am,True,REV,named_extreme_raid+htf_pd+mss,2026-03-17T10:00:00,buy,24859.199,24796.616,side:rev_side_conflicts_with_raid,pdh,bullish,aligned,D_FVG_bear_2026-03-13,,,,,,47ca71b1bc812e1d,kernel_ticket:pass:kernel_session_ticket|side:FAIL:rev_side_conflicts_with_raid|risk:pass:within_caps|allowlist:FAIL:not_on_mint_allowlist|mode:pass:paper,
2026-03-18,US100,london,True,REV,named_extreme_raid+htf_pd+mss,2026-03-18T02:15:00,buy,24946.686,24882.37,side:rev_side_conflicts_with_raid,pdh,bullish,aligned,D_FVG_bear_2026-03-13,,,,,,06882538a6b93a54,kernel_ticket:pass:kernel_session_ticket|side:FAIL:rev_side_conflicts_with_raid|risk:pass:within_caps|allowlist:FAIL:not_on_mint_allowlist|mode:pass:paper,
2026-03-18,US100,ny_am,True,REV,named_extreme_raid+htf_pd+mss,2026-03-18T07:15:00,buy,24936.719,24882.37,side:rev_side_conflicts_with_raid,pdh,bullish,qualified,D_FVG_bear_2026-03-13,,,,,,d3d7ee7885abce57,kernel_ticket:pass:kernel_session_ticket|side:FAIL:rev_side_conflicts_with_raid|risk:pass:within_caps|allowlist:FAIL:not_on_mint_allowlist|mode:pass:paper,
2026-03-19,US100,london,True,REV,named_extreme_raid+htf_pd+mss,2026-03-19T02:15:00,sell,24394.925,24392.74,side:rev_side_conflicts_with_raid,pdl,bearish,aligned,D_FVG_bear_2026-03-13,,,,,,11669c4216695146,kernel_ticket:pass:kernel_session_ticket|side:FAIL:rev_side_conflicts_with_raid|risk:FAIL:stop_not_protective|allowlist:FAIL:not_on_mint_allowlist|mode:pass:paper,
2026-03-19,US100,ny_am,True,REV,named_extreme_raid+htf_pd+mss,2026-03-19T10:00:00,sell,24280.569,24392.74,side:rev_side_conflicts_with_raid,pdl,bearish,qualified,D_FVG_bear_2026-03-13,,,,,,5e8459ad27791873,kernel_ticket:pass:kernel_session_ticket|side:FAIL:rev_side_conflicts_with_raid|risk:pass:within_caps|allowlist:FAIL:not_on_mint_allowlist|mode:pass:paper,
2026-03-20,US100,london,False,,no_selected_candidate,,,,,,,,,,,,,,,,,
2026-03-20,US100,ny_am,True,REV,named_extreme_raid+htf_pd+mss,2026-03-20T07:15:00,sell,24234.631,24106.175,side:rev_side_conflicts_with_raid,pdl,bearish,aligned,D_FVG_bear_2026-03-19,,,,,,d9b386d434027243,kernel_ticket:pass:kernel_session_ticket|side:FAIL:rev_side_conflicts_with_raid|risk:FAIL:stop_not_protective|allowlist:FAIL:not_on_mint_allowlist|mode:pass:paper,
2026-03-23,US100,london,True,REV,named_extreme_raid+htf_pd+mss,2026-03-23T02:15:00,sell,23722.958,23758.867,side:rev_side_conflicts_with_raid,pdl,bearish,aligned,D_FVG_bear_2026-03-19,,,,,,55fd15e3e61e969a,kernel_ticket:pass:kernel_session_ticket|side:FAIL:rev_side_conflicts_with_raid|risk:pass:within_caps|allowlist:FAIL:not_on_mint_allowlist|mode:pass:paper,
2026-03-23,US100,ny_am,True,REV,named_extreme_raid+htf_pd+mss,2026-03-23T07:15:00,sell,23684.425,23758.867,side:rev_side_conflicts_with_raid,pdl,bearish,aligned,D_FVG_bear_2026-03-19,,,,,,e441db7bffdbec7a,kernel_ticket:pass:kernel_session_ticket|side:FAIL:rev_side_conflicts_with_raid|risk:pass:within_caps|allowlist:FAIL:not_on_mint_allowlist|mode:pass:paper,
2026-03-24,US100,london,False,,no_selected_candidate,,,,,,,,,,,,,,,,,
2026-03-24,US100,ny_am,False,,no_selected_candidate,,,,,,,,,,,,,,,,,
2026-03-25,US100,london,True,REV,named_extreme_raid+htf_pd+mss,2026-03-25T04:45:00,sell,24279.376,24289.599,allowlist:not_on_mint_allowlist,pdh,bearish,qualified,D_FVG_bear_2026-03-19,,,,,,80f2165447c548a6,kernel_ticket:pass:kernel_session_ticket|side:pass:determined|risk:pass:within_caps|allowlist:FAIL:not_on_mint_allowlist|mode:pass:paper,
2026-03-25,US100,ny_am,True,REV,named_extreme_raid+htf_pd+mss,2026-03-25T10:00:00,sell,24156.589,24289.599,allowlist:not_on_mint_allowlist,pdh,bearish,aligned,D_FVG_bear_2026-03-19,,,,,,c386ac4fff2d396a,kernel_ticket:pass:kernel_session_ticket|side:pass:determined|risk:pass:within_caps|allowlist:FAIL:not_on_mint_allowlist|mode:pass:paper,
2026-03-26,US100,london,True,REV,named_extreme_raid+htf_pd+mss,2026-03-26T02:30:00,sell,24072.609,24075.189,side:rev_side_conflicts_with_raid,pdl,bearish,aligned,D_FVG_bear_2026-03-19,,,,,,b359174a16d25a3c,kernel_ticket:pass:kernel_session_ticket|side:FAIL:rev_side_conflicts_with_raid|risk:pass:within_caps|allowlist:FAIL:not_on_mint_allowlist|mode:pass:paper,
2026-03-26,US100,ny_am,True,REV,named_extreme_raid+htf_pd+mss,2026-03-26T07:15:00,sell,23957.066,24075.189,side:rev_side_conflicts_with_raid,pdl,bearish,qualified,D_FVG_bear_2026-03-19,,,,,,66dd6c828faaacb3,kernel_ticket:pass:kernel_session_ticket|side:FAIL:rev_side_conflicts_with_raid|risk:pass:within_caps|allowlist:FAIL:not_on_mint_allowlist|mode:pass:paper,
2026-03-27,US100,london,False,,no_selected_candidate,,,,,,,,,,,,,,,,,
2026-03-27,US100,ny_am,True,REV,named_extreme_raid+htf_pd+mss,2026-03-27T07:15:00,sell,23439.833,23564.318,side:rev_side_conflicts_with_raid,pdl,bearish,aligned,D_FVG_bear_2026-03-19,,,,,,655390fffc96129f,kernel_ticket:pass:kernel_session_ticket|side:FAIL:rev_side_conflicts_with_raid|risk:pass:within_caps|allowlist:FAIL:not_on_mint_allowlist|mode:pass:paper,
2026-03-30,US100,london,False,,no_selected_candidate,,,,,,,,,,,,,,,,,
2026-03-30,US100,ny_am,False,,no_selected_candidate,,,,,,,,,,,,,,,,,
2026-03-31,US100,london,False,,no_selected_candidate,,,,,,,,,,,,,,,,,
2026-03-31,US100,ny_am,False,,no_selected_candidate,,,,,,,,,,,,,,,,,
2026-04-01,US100,london,True,REV,named_extreme_raid+htf_pd+mss,2026-04-01T02:15:00,buy,23899.433,23789.548,side:rev_side_conflicts_with_raid,pdh,bullish,aligned,D_FVG_bear_2026-03-30,,,,,,e68203fe8e39bf7c,kernel_ticket:pass:kernel_session_ticket|side:FAIL:rev_side_conflicts_with_raid|risk:pass:within_caps|allowlist:FAIL:not_on_mint_allowlist|mode:pass:paper,
2026-04-01,US100,ny_am,True,REV,named_extreme_raid+htf_pd+mss,2026-04-01T07:15:00,buy,23975.933,23789.548,side:rev_side_conflicts_with_raid,pdh,bullish,aligned,D_FVG_bear_2026-03-30,,,,,,fc915aafb3d1cffd,kernel_ticket:pass:kernel_session_ticket|side:FAIL:rev_side_conflicts_with_raid|risk:pass:within_caps|allowlist:FAIL:not_on_mint_allowlist|mode:pass:paper,
2026-04-02,US100,london,False,,no_selected_candidate,,,,,,,,,,,,,,,,,
2026-04-02,US100,ny_am,True,REV,named_extreme_raid+htf_pd+mss,2026-04-02T07:15:00,buy,23584.175,23700.338,risk:stop_not_protective,pdl,bullish,qualified,D_FVG_bear_2026-03-30,,,,,,0f155efabaca5545,kernel_ticket:pass:kernel_session_ticket|side:pass:determined|risk:FAIL:stop_not_protective|allowlist:FAIL:not_on_mint_allowlist|mode:pass:paper,
2026-04-06,US100,london,True,REV,named_extreme_raid+htf_pd+mss,2026-04-06T02:15:00,buy,24102.033,24070.339,side:rev_side_conflicts_with_raid,pdh,bullish,qualified,D_FVG_bear_2026-03-27,,,,,,8449d943a013134f,kernel_ticket:pass:kernel_session_ticket|side:FAIL:rev_side_conflicts_with_raid|risk:pass:within_caps|allowlist:FAIL:not_on_mint_allowlist|mode:pass:paper,
2026-04-06,US100,ny_am,True,REV,named_extreme_raid+htf_pd+mss,2026-04-06T07:15:00,buy,24115.892,24070.339,side:rev_side_conflicts_with_raid,pdh,bullish,qualified,D_FVG_bear_2026-03-27,,,,,,712fe257808dca52,kernel_ticket:pass:kernel_session_ticket|side:FAIL:rev_side_conflicts_with_raid|risk:pass:within_caps|allowlist:FAIL:not_on_mint_allowlist|mode:pass:paper,
2026-04-07,US100,london,False,,no_selected_candidate,,,,,,,,,,,,,,,,,
2026-04-07,US100,ny_am,False,,no_selected_candidate,,,,,,,,,,,,,,,,,
2026-04-08,US100,london,True,REV,named_extreme_raid+htf_pd+mss,2026-04-08T02:15:00,buy,25026.699,24250.947,side:rev_side_conflicts_with_raid,pdh,bullish,aligned,D_FVG_bear_2026-03-13,,,,,,26fd36202fde0a12,kernel_ticket:pass:kernel_session_ticket|side:FAIL:rev_side_conflicts_with_raid|risk:pass:within_caps|allowlist:FAIL:not_on_mint_allowlist|mode:pass:paper,
2026-04-08,US100,ny_am,True,REV,named_extreme_raid+htf_pd+mss,2026-04-08T07:15:00,buy,25029.203,24250.947,side:rev_side_conflicts_with_raid,pdh,bullish,aligned,D_FVG_bear_2026-03-13,,,,,,dcfc897f311d2f17,kernel_ticket:pass:kernel_session_ticket|side:FAIL:rev_side_conflicts_with_raid|risk:pass:within_caps|allowlist:FAIL:not_on_mint_allowlist|mode:pass:paper,
2026-04-09,US100,london,False,,no_selected_candidate,,,,,,,,,,,,,,,,,
2026-04-09,US100,ny_am,False,,no_selected_candidate,,,,,,,,,,,,,,,,,
2026-04-10,US100,london,False,,no_selected_candidate,,,,,,,,,,,,,,,,,
2026-04-10,US100,ny_am,True,REV,named_extreme_raid+htf_pd+mss,2026-04-10T10:00:00,buy,25154.848,25096.48,side:rev_side_conflicts_with_raid,pdh,bullish,aligned,D_FVG_bear_2026-03-13,,,,,,c2c195ab72a024e0,kernel_ticket:pass:kernel_session_ticket|side:FAIL:rev_side_conflicts_with_raid|risk:pass:within_caps|allowlist:FAIL:not_on_mint_allowlist|mode:pass:paper,
2026-04-13,US100,london,False,,no_selected_candidate,,,,,,,,,,,,,,,,,
2026-04-13,US100,ny_am,True,REV,named_extreme_raid+htf_pd+mss,2026-04-13T07:15:00,buy,24997.947,25028.174,risk:stop_not_protective,pdl,bullish,aligned,D_FVG_bear_2026-03-13,,,,,,984b696571ba052c,kernel_ticket:pass:kernel_session_ticket|side:pass:determined|risk:FAIL:stop_not_protective|allowlist:FAIL:not_on_mint_allowlist|mode:pass:paper,
2026-04-14,US100,london,False,,no_selected_candidate,,,,,,,,,,,,,,,,,
2026-04-14,US100,ny_am,True,REV,named_extreme_raid+htf_pd+mss,2026-04-14T07:15:00,buy,25478.283,25394.635,side:rev_side_conflicts_with_raid,pdh,bullish,qualified,D_FVG_bull_2026-04-09,,,,,,67f9911b5ede884d,kernel_ticket:pass:kernel_session_ticket|side:FAIL:rev_side_conflicts_with_raid|risk:pass:within_caps|allowlist:FAIL:not_on_mint_allowlist|mode:pass:paper,
2026-04-15,US100,london,False,,no_selected_candidate,,,,,,,,,,,,,,,,,
2026-04-15,US100,ny_am,True,REV,named_extreme_raid+htf_pd+mss,2026-04-15T10:00:00,buy,25906.077,25836.102,side:rev_side_conflicts_with_raid,pdh,bullish,aligned,D_FVG_bull_2026-04-14,,,,,,00737895914600b9,kernel_ticket:pass:kernel_session_ticket|side:FAIL:rev_side_conflicts_with_raid|risk:pass:within_caps|allowlist:FAIL:not_on_mint_allowlist|mode:pass:paper,
2026-04-16,US100,london,True,REV,named_extreme_raid+htf_pd+mss,2026-04-16T02:15:00,buy,26320.914,26212.591,side:rev_side_conflicts_with_raid,pdh,bullish,aligned,D_FVG_bull_2026-04-15,,,,,,4f8b85f57808b4b8,kernel_ticket:pass:kernel_session_ticket|side:FAIL:rev_side_conflicts_with_raid|risk:pass:within_caps|allowlist:FAIL:not_on_mint_allowlist|mode:pass:paper,
2026-04-16,US100,ny_am,False,,no_selected_candidate,,,,,,,,,,,,,,,,,
2026-04-17,US100,london,False,,no_selected_candidate,,,,,,,,,,,,,,,,,
2026-04-17,US100,ny_am,True,REV,named_extreme_raid+htf_pd+mss,2026-04-17T08:15:00,buy,26437.588,26400.589,side:rev_side_conflicts_with_raid,pdh,bullish,aligned,D_FVG_bull_2026-04-16,,,,,,f9df6b12e8176b58,kernel_ticket:pass:kernel_session_ticket|side:FAIL:rev_side_conflicts_with_raid|risk:pass:within_caps|allowlist:FAIL:not_on_mint_allowlist|mode:pass:paper,
2026-04-20,US100,london,False,,no_selected_candidate,,,,,,,,,,,,,,,,,
2026-04-20,US100,ny_am,False,,no_selected_candidate,,,,,,,,,,,,,,,,,
2026-04-21,US100,london,True,REV,named_extreme_raid+htf_pd+mss,2026-04-21T02:15:00,buy,26698.783,26668.197,side:rev_side_conflicts_with_raid,pdh,bullish,aligned,D_FVG_bull_2026-04-17,,,,,,d267460307bceda0,kernel_ticket:pass:kernel_session_ticket|side:FAIL:rev_side_conflicts_with_raid|risk:pass:within_caps|allowlist:FAIL:not_on_mint_allowlist|mode:pass:paper,
2026-04-21,US100,ny_am,True,REV,named_extreme_raid+htf_pd+mss,2026-04-21T07:15:00,buy,26700.827,26668.197,side:rev_side_conflicts_with_raid,pdh,bullish,aligned,D_FVG_bull_2026-04-17,,,,,,04b9d46a5a1aedb1,kernel_ticket:pass:kernel_session_ticket|side:FAIL:rev_side_conflicts_with_raid|risk:pass:within_caps|allowlist:FAIL:not_on_mint_allowlist|mode:pass:paper,
2026-04-22,US100,london,False,,no_selected_candidate,,,,,,,,,,,,,,,,,
2026-04-22,US100,ny_am,False,,no_selected_candidate,,,,,,,,,,,,,,,,,
2026-04-23,US100,london,False,,no_selected_candidate,,,,,,,,,,,,,,,,,
2026-04-23,US100,ny_am,False,,no_selected_candidate,,,,,,,,,,,,,,,,,
2026-04-24,US100,london,False,,no_selected_candidate,,,,,,,,,,,,,,,,,
2026-04-24,US100,ny_am,False,,no_selected_candidate,,,,,,,,,,,,,,,,,
2026-04-27,US100,london,False,,no_selected_candidate,,,,,,,,,,,,,,,,,
2026-04-27,US100,ny_am,True,REV,named_extreme_raid+htf_pd+mss,2026-04-27T07:15:00,buy,27349.316,27313.769,side:rev_side_conflicts_with_raid,pdh,bullish,aligned,D_FVG_bull_2026-04-17,,,,,,563365bbbd1e1bff,kernel_ticket:pass:kernel_session_ticket|side:FAIL:rev_side_conflicts_with_raid|risk:pass:within_caps|allowlist:FAIL:not_on_mint_allowlist|mode:pass:paper,
2026-04-28,US100,london,False,,no_selected_candidate,,,,,,,,,,,,,,,,,
2026-04-28,US100,ny_am,False,,no_selected_candidate,,,,,,,,,,,,,,,,,
2026-04-29,US100,london,False,,no_selected_candidate,,,,,,,,,,,,,,,,,
2026-04-29,US100,ny_am,False,,no_selected_candidate,,,,,,,,,,,,,,,,,
2026-04-30,US100,london,False,,no_selected_candidate,,,,,,,,,,,,,,,,,
2026-04-30,US100,ny_am,False,,no_selected_candidate,,,,,,,,,,,,,,,,,
2026-05-01,US100,london,False,,no_selected_candidate,,,,,,,,,,,,,,,,,
2026-05-01,US100,ny_am,True,REV,named_extreme_raid+htf_pd+mss,2026-05-01T10:00:00,buy,27742.764,27489.606,side:rev_side_conflicts_with_raid,pdh,bullish,aligned,D_FVG_bull_2026-04-27,,,,,,bdf0bcb7e75340fe,kernel_ticket:pass:kernel_session_ticket|side:FAIL:rev_side_conflicts_with_raid|risk:pass:within_caps|allowlist:FAIL:not_on_mint_allowlist|mode:pass:paper,
2026-05-04,US100,london,True,REV,named_extreme_raid+htf_pd+mss,2026-05-04T02:15:00,buy,27802.486,27790.447,side:rev_side_conflicts_with_raid,pdh,bullish,qualified,D_FVG_bull_2026-05-01,,,,,,584d549536acaa52,kernel_ticket:pass:kernel_session_ticket|side:FAIL:rev_side_conflicts_with_raid|risk:pass:within_caps|allowlist:FAIL:not_on_mint_allowlist|mode:pass:paper,
2026-05-04,US100,ny_am,True,REV,named_extreme_raid+htf_pd+mss,2026-05-04T10:00:00,buy,27775.366,27790.447,side:rev_side_conflicts_with_raid,pdh,bullish,aligned,D_FVG_bull_2026-05-01,,,,,,b40010bf55d3d5ef,kernel_ticket:pass:kernel_session_ticket|side:FAIL:rev_side_conflicts_with_raid|risk:FAIL:stop_not_protective|allowlist:FAIL:not_on_mint_allowlist|mode:pass:paper,
2026-05-05,US100,london,False,,no_selected_candidate,,,,,,,,,,,,,,,,,
2026-05-05,US100,ny_am,False,,no_selected_candidate,,,,,,,,,,,,,,,,,
2026-05-06,US100,london,True,REV,named_extreme_raid+htf_pd+mss,2026-05-06T02:15:00,buy,28214.779,28065.448,side:rev_side_conflicts_with_raid,pdh,bullish,aligned,D_FVG_bull_2026-05-04,,,,,,415ad9e785a8cf05,kernel_ticket:pass:kernel_session_ticket|side:FAIL:rev_side_conflicts_with_raid|risk:pass:within_caps|allowlist:FAIL:not_on_mint_allowlist|mode:pass:paper,
2026-05-06,US100,ny_am,True,REV,named_extreme_raid+htf_pd+mss,2026-05-06T07:15:00,buy,28501.697,28065.448,side:rev_side_conflicts_with_raid,pdh,bullish,aligned,D_FVG_bull_2026-05-04,,,,,,4870e95790cbb6b3,kernel_ticket:pass:kernel_session_ticket|side:FAIL:rev_side_conflicts_with_raid|risk:pass:within_caps|allowlist:FAIL:not_on_mint_allowlist|mode:pass:paper,
2026-05-07,US100,london,True,REV,named_extreme_raid+htf_pd+mss,2026-05-07T03:30:00,buy,28653.664,28679.241,side:rev_side_conflicts_with_raid,pdh,bullish,aligned,D_FVG_bull_2026-05-06,,,,,,1edce94e49b9cf3b,kernel_ticket:pass:kernel_session_ticket|side:FAIL:rev_side_conflicts_with_raid|risk:FAIL:stop_not_protective|allowlist:FAIL:not_on_mint_allowlist|mode:pass:paper,
2026-05-07,US100,ny_am,True,REV,named_extreme_raid+htf_pd+mss,2026-05-07T07:15:00,buy,28604.649,28679.241,side:rev_side_conflicts_with_raid,pdh,bullish,qualified,D_FVG_bull_2026-05-06,,,,,,0e64bf9ce75371e4,kernel_ticket:pass:kernel_session_ticket|side:FAIL:rev_side_conflicts_with_raid|risk:FAIL:stop_not_protective|allowlist:FAIL:not_on_mint_allowlist|mode:pass:paper,
2026-05-08,US100,london,False,,no_selected_candidate,,,,,,,,,,,,,,,,,
2026-05-08,US100,ny_am,True,REV,named_extreme_raid+htf_pd+mss,2026-05-08T09:00:00,buy,28799.544,28825.563,side:rev_side_conflicts_with_raid,pdh,bullish,aligned,D_FVG_bull_2026-05-07,,,,,,7f109a355a106aa1,kernel_ticket:pass:kernel_session_ticket|side:FAIL:rev_side_conflicts_with_raid|risk:FAIL:stop_not_protective|allowlist:FAIL:not_on_mint_allowlist|mode:pass:paper,
2026-05-11,US100,london,False,,no_selected_candidate,,,,,,,,,,,,,,,,,
2026-05-11,US100,ny_am,False,,no_selected_candidate,,,,,,,,,,,,,,,,,
2026-05-12,US100,london,True,REV,named_extreme_raid+htf_pd+mss,2026-05-12T03:15:00,buy,29108.261,29117.754,risk:stop_not_protective,pdl,bullish,qualified,D_FVG_bull_2026-05-07,,,,,,ba6d4b76bd149a6e,kernel_ticket:pass:kernel_session_ticket|side:pass:determined|risk:FAIL:stop_not_protective|allowlist:FAIL:not_on_mint_allowlist|mode:pass:paper,
2026-05-12,US100,ny_am,False,,no_selected_candidate,,,,,,,,,,,,,,,,,
2026-05-13,US100,london,False,,no_selected_candidate,,,,,,,,,,,,,,,,,
2026-05-13,US100,ny_am,False,,no_selected_candidate,,,,,,,,,,,,,,,,,
2026-05-14,US100,london,False,,no_selected_candidate,,,,,,,,,,,,,,,,,
2026-05-14,US100,ny_am,True,REV,named_extreme_raid+htf_pd+mss,2026-05-14T10:00:00,buy,29434.349,29455.594,side:rev_side_conflicts_with_raid,pdh,bullish,aligned,D_FVG_bull_2026-05-11,,,,,,06d4eb285245ee19,kernel_ticket:pass:kernel_session_ticket|side:FAIL:rev_side_conflicts_with_raid|risk:FAIL:stop_not_protective|allowlist:FAIL:not_on_mint_allowlist|mode:pass:paper,
2026-05-15,US100,london,False,,no_selected_candidate,,,,,,,,,,,,,,,,,
2026-05-15,US100,ny_am,False,,no_selected_candidate,,,,,,,,,,,,,,,,,
2026-05-18,US100,london,False,,no_selected_candidate,,,,,,,,,,,,,,,,,
2026-05-18,US100,ny_am,False,,no_selected_candidate,,,,,,,,,,,,,,,,,
2026-05-19,US100,london,False,,no_selected_candidate,,,,,,,,,,,,,,,,,
2026-05-19,US100,ny_am,True,REV,named_extreme_raid+htf_pd+mss,2026-05-19T09:45:00,sell,28813.958,28716.155,side:rev_side_conflicts_with_raid,pdl,bearish,qualified,D_FVG_bull_2026-05-11,,,,,,722ccf190cc17514,kernel_ticket:pass:kernel_session_ticket|side:FAIL:rev_side_conflicts_with_raid|risk:FAIL:stop_not_protective|allowlist:FAIL:not_on_mint_allowlist|mode:pass:paper,
2026-05-20,US100,london,False,,no_selected_candidate,,,,,,,,,,,,,,,,,
2026-05-20,US100,ny_am,False,,no_selected_candidate,,,,,,,,,,,,,,,,,
2026-05-21,US100,london,True,REV,named_extreme_raid+htf_pd+mss,2026-05-21T02:15:00,buy,29273.131,29304.959,side:rev_side_conflicts_with_raid,pdh,bullish,qualified,D_FVG_bull_2026-05-11,,,,,,e14bb67b46c914f2,kernel_ticket:pass:kernel_session_ticket|side:FAIL:rev_side_conflicts_with_raid|risk:FAIL:stop_not_protective|allowlist:FAIL:not_on_mint_allowlist|mode:pass:paper,
2026-05-21,US100,ny_am,True,REV,named_extreme_raid+htf_pd+mss,2026-05-21T07:15:00,buy,29159.5,29304.959,side:rev_side_conflicts_with_raid,pdh,bullish,qualified,D_FVG_bull_2026-05-11,,,,,,eb638047fb1f0eaa,kernel_ticket:pass:kernel_session_ticket|side:FAIL:rev_side_conflicts_with_raid|risk:FAIL:stop_not_protective|allowlist:FAIL:not_on_mint_allowlist|mode:pass:paper,
2026-05-22,US100,london,True,REV,named_extreme_raid+htf_pd+mss,2026-05-22T02:15:00,buy,29483.599,29463.394,side:rev_side_conflicts_with_raid,pdh,bullish,qualified,D_FVG_bear_2026-05-18,,,,,,79ef6697e7732b8b,kernel_ticket:pass:kernel_session_ticket|side:FAIL:rev_side_conflicts_with_raid|risk:pass:within_caps|allowlist:FAIL:not_on_mint_allowlist|mode:pass:paper,
2026-05-22,US100,ny_am,True,REV,named_extreme_raid+htf_pd+mss,2026-05-22T10:00:00,buy,29563.22,29463.394,side:rev_side_conflicts_with_raid,pdh,bullish,aligned,D_FVG_bear_2026-05-18,,,,,,9f1ccb4410c3d77b,kernel_ticket:pass:kernel_session_ticket|side:FAIL:rev_side_conflicts_with_raid|risk:pass:within_caps|allowlist:FAIL:not_on_mint_allowlist|mode:pass:paper,
2026-05-26,US100,london,False,,no_selected_candidate,,,,,,,,,,,,,,,,,
2026-05-26,US100,ny_am,True,REV,named_extreme_raid+htf_pd+mss,2026-05-26T07:15:00,buy,29766.905,29667.321,side:rev_side_conflicts_with_raid,pdh,bullish,aligned,D_FVG_bear_2026-05-18,,,,,,3b229667c5c17019,kernel_ticket:pass:kernel_session_ticket|side:FAIL:rev_side_conflicts_with_raid|risk:pass:within_caps|allowlist:FAIL:not_on_mint_allowlist|mode:pass:paper,
2026-05-27,US100,london,False,,no_selected_candidate,,,,,,,,,,,,,,,,,
2026-05-27,US100,ny_am,True,REV,named_extreme_raid+htf_pd+mss,2026-05-27T07:15:00,buy,30197.142,30042.995,side:rev_side_conflicts_with_raid,pdh,bullish,aligned,D_FVG_bull_2026-05-26,,,,,,dff1fd8a655f876e,kernel_ticket:pass:kernel_session_ticket|side:FAIL:rev_side_conflicts_with_raid|risk:pass:within_caps|allowlist:FAIL:not_on_mint_allowlist|mode:pass:paper,
2026-05-28,US100,london,False,,no_selected_candidate,,,,,,,,,,,,,,,,,
2026-05-28,US100,ny_am,False,,no_selected_candidate,,,,,,,,,,,,,,,,,
2026-05-29,US100,london,True,REV,named_extreme_raid+htf_pd+mss,2026-05-29T03:15:00,buy,30251.639,30264.434,side:rev_side_conflicts_with_raid,pdh,bullish,aligned,D_FVG_bull_2026-05-27,,,,,,1f5682f408326486,kernel_ticket:pass:kernel_session_ticket|side:FAIL:rev_side_conflicts_with_raid|risk:FAIL:stop_not_protective|allowlist:FAIL:not_on_mint_allowlist|mode:pass:paper,
2026-05-29,US100,ny_am,True,REV,named_extreme_raid+htf_pd+mss,2026-05-29T07:15:00,buy,30288.654,30264.434,side:rev_side_conflicts_with_raid,pdh,bullish,aligned,D_FVG_bull_2026-05-27,,,,,,1072c61335d0a4d2,kernel_ticket:pass:kernel_session_ticket|side:FAIL:rev_side_conflicts_with_raid|risk:pass:within_caps|allowlist:FAIL:not_on_mint_allowlist|mode:pass:paper,
2026-06-01,US100,london,True,REV,named_extreme_raid+htf_pd+mss,2026-06-01T02:15:00,buy,30514.647,30466.429,side:rev_side_conflicts_with_raid,pdh,bullish,aligned,D_FVG_bull_2026-05-27,,,,,,38de8e673b08086f,kernel_ticket:pass:kernel_session_ticket|side:FAIL:rev_side_conflicts_with_raid|risk:pass:within_caps|allowlist:FAIL:not_on_mint_allowlist|mode:pass:paper,
2026-06-01,US100,ny_am,False,,no_selected_candidate,,,,,,,,,,,,,,,,,
2026-06-02,US100,london,False,,no_selected_candidate,,,,,,,,,,,,,,,,,
2026-06-02,US100,ny_am,False,,no_selected_candidate,,,,,,,,,,,,,,,,,
2026-06-03,US100,london,False,,no_selected_candidate,,,,,,,,,,,,,,,,,
2026-06-03,US100,ny_am,True,REV,named_extreme_raid+htf_pd+mss,2026-06-03T07:15:00,buy,30727.653,30711.504,side:rev_side_conflicts_with_raid,pdh,bullish,aligned,D_FVG_bull_2026-05-27,,,,,,7543222a5373ee25,kernel_ticket:pass:kernel_session_ticket|side:FAIL:rev_side_conflicts_with_raid|risk:pass:within_caps|allowlist:FAIL:not_on_mint_allowlist|mode:pass:paper,
2026-06-04,US100,london,False,,no_selected_candidate,,,,,,,,,,,,,,,,,
2026-06-04,US100,ny_am,True,PIP20,window=ny_expansion+interp_trigger,2026-06-04T07:15:00,sell,30188.469,30208.469,allowlist:not_on_mint_allowlist,pdl,bearish,aligned,,,,,,,f8a0a5ae7244b44e,kernel_ticket:pass:kernel_session_ticket|side:pass:determined|risk:pass:within_caps|allowlist:FAIL:not_on_mint_allowlist|mode:pass:paper,
2026-06-05,US100,london,False,,no_selected_candidate,,,,,,,,,,,,,,,,,
2026-06-05,US100,ny_am,False,,no_selected_candidate,,,,,,,,,,,,,,,,,
2026-06-08,US100,london,False,,no_selected_candidate,,,,,,,,,,,,,,,,,
2026-06-08,US100,ny_am,False,,no_selected_candidate,,,,,,,,,,,,,,,,,
2026-06-09,US100,london,False,,no_selected_candidate,,,,,,,,,,,,,,,,,
2026-06-09,US100,ny_am,True,REV,named_extreme_raid+htf_pd+mss,2026-06-09T09:45:00,buy,29727.925,29697.619,side:rev_side_conflicts_with_raid,pdh,bullish,aligned,D_FVG_bull_2026-05-26,,,,,,ef73eade8235ef77,kernel_ticket:pass:kernel_session_ticket|side:FAIL:rev_side_conflicts_with_raid|risk:pass:within_caps|allowlist:FAIL:not_on_mint_allowlist|mode:pass:paper,
2026-06-10,US100,london,False,,no_selected_candidate,,,,,,,,,,,,,,,,,
2026-06-10,US100,ny_am,False,,no_selected_candidate,,,,,,,,,,,,,,,,,
2026-06-11,US100,london,False,,no_selected_candidate,,,,,,,,,,,,,,,,,
2026-06-11,US100,ny_am,False,,no_selected_candidate,,,,,,,,,,,,,,,,,
2026-06-12,US100,london,False,,no_selected_candidate,,,,,,,,,,,,,,,,,
2026-06-12,US100,ny_am,True,REV,named_extreme_raid+htf_pd+mss,2026-06-12T07:15:00,buy,29562.009,29506.543,side:rev_side_conflicts_with_raid,pdh,bullish,qualified,D_FVG_bear_2026-05-18,,,,,,ed41c77d4da1e0e4,kernel_ticket:pass:kernel_session_ticket|side:FAIL:rev_side_conflicts_with_raid|risk:pass:within_caps|allowlist:FAIL:not_on_mint_allowlist|mode:pass:paper,
2026-06-15,US100,london,True,REV,named_extreme_raid+htf_pd+mss,2026-06-15T02:15:00,buy,30207.375,29736.51,side:rev_side_conflicts_with_raid,pdh,bullish,aligned,D_FVG_bear_2026-06-08,,,,,,834ae913c07155b6,kernel_ticket:pass:kernel_session_ticket|side:FAIL:rev_side_conflicts_with_raid|risk:pass:within_caps|allowlist:FAIL:not_on_mint_allowlist|mode:pass:paper,
2026-06-15,US100,ny_am,True,REV,named_extreme_raid+htf_pd+mss,2026-06-15T07:15:00,buy,30263.275,29736.51,side:rev_side_conflicts_with_raid,pdh,bullish,aligned,D_FVG_bear_2026-06-08,,,,,,a9aefff8aa92c1ee,kernel_ticket:pass:kernel_session_ticket|side:FAIL:rev_side_conflicts_with_raid|risk:pass:within_caps|allowlist:FAIL:not_on_mint_allowlist|mode:pass:paper,
2026-06-16,US100,london,False,,no_selected_candidate,,,,,,,,,,,,,,,,,
2026-06-16,US100,ny_am,True,REV,named_extreme_raid+htf_pd+mss,2026-06-16T07:15:00,buy,30637.527,30587.498,side:rev_side_conflicts_with_raid,pdh,bullish,aligned,D_FVG_bear_2026-06-05,,,,,,9b7bfcb5dd70a645,kernel_ticket:pass:kernel_session_ticket|side:FAIL:rev_side_conflicts_with_raid|risk:pass:within_caps|allowlist:FAIL:not_on_mint_allowlist|mode:pass:paper,
2026-06-17,US100,london,False,,no_selected_candidate,,,,,,,,,,,,,,,,,
2026-06-17,US100,ny_am,False,,no_selected_candidate,,,,,,,,,,,,,,,,,
2026-06-18,US100,london,False,,no_selected_candidate,,,,,,,,,,,,,,,,,
2026-06-18,US100,ny_am,True,REV,named_extreme_raid+htf_pd+mss,2026-06-18T10:00:00,sell,30159.75,30249.649,allowlist:not_on_mint_allowlist,pdh,bearish,aligned,D_FVG_bear_2026-06-05,,,,,,8c548243d9724637,kernel_ticket:pass:kernel_session_ticket|side:pass:determined|risk:pass:within_caps|allowlist:FAIL:not_on_mint_allowlist|mode:pass:paper,
2026-06-22,US100,london,True,REV,named_extreme_raid+htf_pd+mss,2026-06-22T04:15:00,buy,30416.342,30463.229,side:rev_side_conflicts_with_raid,pdh,bullish,aligned,D_FVG_bear_2026-06-08,,,,,,e42755bdfadcaa62,kernel_ticket:pass:kernel_session_ticket|side:FAIL:rev_side_conflicts_with_raid|risk:FAIL:stop_not_protective|allowlist:FAIL:not_on_mint_allowlist|mode:pass:paper,
2026-06-22,US100,ny_am,True,REV,named_extreme_raid+htf_pd+mss,2026-06-22T07:15:00,buy,30413.511,30463.229,side:rev_side_conflicts_with_raid,pdh,bullish,aligned,D_FVG_bear_2026-06-08,,,,,,a36d4ea47bc49535,kernel_ticket:pass:kernel_session_ticket|side:FAIL:rev_side_conflicts_with_raid|risk:FAIL:stop_not_protective|allowlist:FAIL:not_on_mint_allowlist|mode:pass:paper,
2026-06-23,US100,london,False,,no_selected_candidate,,,,,,,,,,,,,,,,,
2026-06-23,US100,ny_am,True,REV,named_extreme_raid+htf_pd+mss,2026-06-23T10:00:00,buy,29633.298,30020.903,risk:stop_not_protective,pdl,bullish,aligned,D_FVG_bull_2026-05-22,,,,,,b5edda796e46975b,kernel_ticket:pass:kernel_session_ticket|side:pass:determined|risk:FAIL:stop_not_protective|allowlist:FAIL:not_on_mint_allowlist|mode:pass:paper,
2026-06-24,US100,london,False,,no_selected_candidate,,,,,,,,,,,,,,,,,
2026-06-24,US100,ny_am,False,,no_selected_candidate,,,,,,,,,,,,,,,,,
2026-06-25,US100,london,True,REV,named_extreme_raid+htf_pd+mss,2026-06-25T03:30:00,buy,29872.209,29597.993,side:rev_side_conflicts_with_raid,pdh,bullish,aligned,D_FVG_bull_2026-05-27,,,,,,0a917c8f19dcb6ff,kernel_ticket:pass:kernel_session_ticket|side:FAIL:rev_side_conflicts_with_raid|risk:pass:within_caps|allowlist:FAIL:not_on_mint_allowlist|mode:pass:paper,
2026-06-25,US100,ny_am,True,REV,named_extreme_raid+htf_pd+mss,2026-06-25T07:15:00,buy,29849.458,29597.993,side:rev_side_conflicts_with_raid,pdh,bullish,aligned,D_FVG_bull_2026-05-27,,,,,,c6019fed1d0725ce,kernel_ticket:pass:kernel_session_ticket|side:FAIL:rev_side_conflicts_with_raid|risk:pass:within_caps|allowlist:FAIL:not_on_mint_allowlist|mode:pass:paper,
2026-06-26,US100,london,True,REV,named_extreme_raid+htf_pd+mss,2026-06-26T02:15:00,sell,29026.275,28990.536,side:rev_side_conflicts_with_raid,pdl,bearish,qualified,D_FVG_bull_2026-06-15,,,,,,0781c157d3d4785f,kernel_ticket:pass:kernel_session_ticket|side:FAIL:rev_side_conflicts_with_raid|risk:FAIL:stop_not_protective|allowlist:FAIL:not_on_mint_allowlist|mode:pass:paper,
2026-06-26,US100,ny_am,False,,no_selected_candidate,,,,,,,,,,,,,,,,,
2026-06-29,US100,london,False,,no_selected_candidate,,,,,,,,,,,,,,,,,
2026-06-29,US100,ny_am,False,,no_selected_candidate,,,,,,,,,,,,,,,,,
2026-06-30,US100,london,False,,no_selected_candidate,,,,,,,,,,,,,,,,,
2026-06-30,US100,ny_am,True,REV,named_extreme_raid+htf_pd+mss,2026-06-30T10:00:00,buy,30089.11,29783.057,side:rev_side_conflicts_with_raid,pdh,bullish,aligned,D_FVG_bull_2026-06-16,,,,,,cd94a3fc2b419197,kernel_ticket:pass:kernel_session_ticket|side:FAIL:rev_side_conflicts_with_raid|risk:pass:within_caps|allowlist:FAIL:not_on_mint_allowlist|mode:pass:paper,
2026-07-01,US100,london,False,,no_selected_candidate,,,,,,,,,,,,,,,,,
2026-07-01,US100,ny_am,False,,no_selected_candidate,,,,,,,,,,,,,,,,,
2026-07-02,US100,london,True,REV,named_extreme_raid+htf_pd+mss,2026-07-02T03:00:00,sell,29665.033,29742.981,side:rev_side_conflicts_with_raid,pdl,bearish,aligned,D_FVG_bull_2026-06-16,,,,,,f500d3cf70a56cdf,kernel_ticket:pass:kernel_session_ticket|side:FAIL:rev_side_conflicts_with_raid|risk:pass:within_caps|allowlist:FAIL:not_on_mint_allowlist|mode:pass:paper,
2026-07-02,US100,ny_am,True,REV,named_extreme_raid+htf_pd+mss,2026-07-02T07:15:00,sell,29750.925,29742.981,side:rev_side_conflicts_with_raid,pdl,bearish,qualified,D_FVG_bear_2026-06-05,,,,,,2fc6afb1611b4903,kernel_ticket:pass:kernel_session_ticket|side:FAIL:rev_side_conflicts_with_raid|risk:FAIL:stop_not_protective|allowlist:FAIL:not_on_mint_allowlist|mode:pass:paper,
2026-07-06,US100,london,False,,no_selected_candidate,,,,,,,,,,,,,,,,,
2026-07-06,US100,ny_am,False,,no_selected_candidate,,,,,,,,,,,,,,,,,
2026-07-07,US100,london,False,,no_selected_candidate,,,,,,,,,,,,,,,,,
2026-07-07,US100,ny_am,False,,no_selected_candidate,,,,,,,,,,,,,,,,,
2026-07-08,US100,london,True,REV,named_extreme_raid+htf_pd+mss,2026-07-08T04:45:00,sell,28789.881,28974.162,side:rev_side_conflicts_with_raid,pdl,bearish,qualified,D_FVG_bull_2026-06-30,,,,,,ad8492f29d1c57e8,kernel_ticket:pass:kernel_session_ticket|side:FAIL:rev_side_conflicts_with_raid|risk:pass:within_caps|allowlist:FAIL:not_on_mint_allowlist|mode:pass:paper,
2026-07-08,US100,ny_am,True,REV,named_extreme_raid+htf_pd+mss,2026-07-08T07:15:00,sell,28771.922,28974.162,side:rev_side_conflicts_with_raid,pdl,bearish,qualified,D_FVG_bull_2026-06-30,,,,,,271ace3901a0114c,kernel_ticket:pass:kernel_session_ticket|side:FAIL:rev_side_conflicts_with_raid|risk:pass:within_caps|allowlist:FAIL:not_on_mint_allowlist|mode:pass:paper,
2026-07-09,US100,london,True,REV,named_extreme_raid+htf_pd+mss,2026-07-09T03:45:00,buy,29460.108,29326.608,side:rev_side_conflicts_with_raid,pdh,bullish,aligned,D_FVG_bear_2026-07-08,,,,,,19a7c00573465db3,kernel_ticket:pass:kernel_session_ticket|side:FAIL:rev_side_conflicts_with_raid|risk:pass:within_caps|allowlist:FAIL:not_on_mint_allowlist|mode:pass:paper,
2026-07-09,US100,ny_am,True,REV,named_extreme_raid+htf_pd+mss,2026-07-09T07:45:00,buy,29463.431,29326.608,side:rev_side_conflicts_with_raid,pdh,bullish,qualified,D_FVG_bear_2026-07-08,,,,,,d3e44633848d2f0c,kernel_ticket:pass:kernel_session_ticket|side:FAIL:rev_side_conflicts_with_raid|risk:pass:within_caps|allowlist:FAIL:not_on_mint_allowlist|mode:pass:paper,
2026-07-10,US100,london,False,,no_selected_candidate,,,,,,,,,,,,,,,,,
2026-07-10,US100,ny_am,False,,no_selected_candidate,,,,,,,,,,,,,,,,,
2026-07-13,US100,london,False,,no_selected_candidate,,,,,,,,,,,,,,,,,
2026-07-13,US100,ny_am,True,REV,named_extreme_raid+htf_pd+mss,2026-07-13T07:15:00,buy,29556.272,29465.058,allowlist:not_on_mint_allowlist,pdl,bullish,qualified,D_FVG_bull_2026-07-10,,,,,,c123339821216d9c,kernel_ticket:pass:kernel_session_ticket|side:pass:determined|risk:pass:within_caps|allowlist:FAIL:not_on_mint_allowlist|mode:pass:paper,
2026-07-14,US100,london,False,,no_selected_candidate,,,,,,,,,,,,,,,,,
2026-07-14,US100,ny_am,False,,no_selected_candidate,,,,,,,,,,,,,,,,,
2026-07-15,US100,london,True,REV,named_extreme_raid+htf_pd+mss,2026-07-15T02:15:00,buy,29842.398,29711.72,side:rev_side_conflicts_with_raid,pdh,bullish,aligned,D_FVG_bull_2026-06-30,,,,,,f8791d568057eb67,kernel_ticket:pass:kernel_session_ticket|side:FAIL:rev_side_conflicts_with_raid|risk:pass:within_caps|allowlist:FAIL:not_on_mint_allowlist|mode:pass:paper,
2026-07-15,US100,ny_am,False,,no_selected_candidate,,,,,,,,,,,,,,,,,
2026-07-16,US100,london,False,,no_selected_candidate,,,,,,,,,,,,,,,,,
2026-07-16,US100,ny_am,True,REV,named_extreme_raid+htf_pd+mss,2026-07-16T09:15:00,sell,29255.497,29196.42,side:rev_side_conflicts_with_raid,pdl,bearish,aligned,D_FVG_bear_2026-07-08,,,,,,5cec568522e252a3,kernel_ticket:pass:kernel_session_ticket|side:FAIL:rev_side_conflicts_with_raid|risk:FAIL:stop_not_protective|allowlist:FAIL:not_on_mint_allowlist|mode:pass:paper,
2026-07-17,US100,london,True,REV,named_extreme_raid+htf_pd+mss,2026-07-17T02:15:00,sell,28569.62,28883.72,side:rev_side_conflicts_with_raid,pdl,bearish,aligned,D_FVG_bear_2026-07-08,,,,,,2d9a745f2d3cfcde,kernel_ticket:pass:kernel_session_ticket|side:FAIL:rev_side_conflicts_with_raid|risk:pass:within_caps|allowlist:FAIL:not_on_mint_allowlist|mode:pass:paper,
2026-07-17,US100,ny_am,True,REV,named_extreme_raid+htf_pd+mss,2026-07-17T07:15:00,sell,28569.976,28883.72,side:rev_side_conflicts_with_raid,pdl,bearish,qualified,D_FVG_bear_2026-07-08,,,,,,09efcfa4acb730df,kernel_ticket:pass:kernel_session_ticket|side:FAIL:rev_side_conflicts_with_raid|risk:pass:within_caps|allowlist:FAIL:not_on_mint_allowlist|mode:pass:paper,
2026-07-20,US100,london,False,,no_selected_candidate,,,,,,,,,,,,,,,,,
2026-07-20,US100,ny_am,False,,no_selected_candidate,,,,,,,,,,,,,,,,,
2026-07-21,US100,london,False,,no_selected_candidate,,,,,,,,,,,,,,,,,
2026-07-21,US100,ny_am,True,REV,named_extreme_raid+htf_pd+mss,2026-07-21T10:00:00,sell,28981.421,29015.054,allowlist:not_on_mint_allowlist,pdh,bearish,aligned,D_FVG_bear_2026-07-17,,,,,,1eb285e927ddfbea,kernel_ticket:pass:kernel_session_ticket|side:pass:determined|risk:pass:within_caps|allowlist:FAIL:not_on_mint_allowlist|mode:pass:paper,
2026-07-22,US100,london,False,,no_selected_candidate,,,,,,,,,,,,,,,,,
2026-07-22,US100,ny_am,False,,no_selected_candidate,,,,,,,,,,,,,,,,,
2026-07-23,US100,london,True,REV,named_extreme_raid+htf_pd+mss,2026-07-23T03:45:00,sell,28773.519,28796.319,side:rev_side_conflicts_with_raid,pdl,bearish,aligned,D_FVG_bear_2026-07-17,,,,,,c45a3b3d8b9830fa,kernel_ticket:pass:kernel_session_ticket|side:FAIL:rev_side_conflicts_with_raid|risk:pass:within_caps|allowlist:FAIL:not_on_mint_allowlist|mode:pass:paper,
2026-07-23,US100,ny_am,True,REV,named_extreme_raid+htf_pd+mss,2026-07-23T07:15:00,sell,28890.353,28796.319,side:rev_side_conflicts_with_raid,pdl,bearish,qualified,D_FVG_bear_2026-07-17,,,,,,770e4146c726fda2,kernel_ticket:pass:kernel_session_ticket|side:FAIL:rev_side_conflicts_with_raid|risk:FAIL:stop_not_protective|allowlist:FAIL:not_on_mint_allowlist|mode:pass:paper,
2026-07-24,US100,london,False,,no_selected_candidate,,,,,,,,,,,,,,,,,
2026-07-24,US100,ny_am,False,,no_selected_candidate,,,,,,,,,,,,,,,,,
2026-07-27,US100,london,False,,no_selected_candidate,,,,,,,,,,,,,,,,,
2026-07-27,US100,ny_am,True,REV,named_extreme_raid+htf_pd+mss,2026-07-27T10:00:00,sell,28193.409,28578.889,allowlist:not_on_mint_allowlist,pdh,bearish,aligned,D_FVG_bear_2026-07-24,,,,,,eb82913186207550,kernel_ticket:pass:kernel_session_ticket|side:pass:determined|risk:pass:within_caps|allowlist:FAIL:not_on_mint_allowlist|mode:pass:paper,
2026-07-28,US100,london,True,REV,named_extreme_raid+htf_pd+mss,2026-07-28T04:15:00,sell,27737.01,27786.187,side:rev_side_conflicts_with_raid,pdl,bearish,aligned,D_FVG_bear_2026-07-24,,,,,,685d112eb746c331,kernel_ticket:pass:kernel_session_ticket|side:FAIL:rev_side_conflicts_with_raid|risk:pass:within_caps|allowlist:FAIL:not_on_mint_allowlist|mode:pass:paper,
2026-07-28,US100,ny_am,True,REV,named_extreme_raid+htf_pd+mss,2026-07-28T10:00:00,sell,27515.976,27786.187,side:rev_side_conflicts_with_raid,pdl,bearish,aligned,D_FVG_bear_2026-07-24,,,,,,321296d13abddf20,kernel_ticket:pass:kernel_session_ticket|side:FAIL:rev_side_conflicts_with_raid|risk:pass:within_caps|allowlist:FAIL:not_on_mint_allowlist|mode:pass:paper,
2026-07-29,US100,london,False,,no_selected_candidate,,,,,,,,,,,,,,,,,
2026-07-29,US100,ny_am,False,,no_selected_candidate,,,,,,,,,,,,,,,,,
2026-07-30,US100,london,False,,no_selected_candidate,,,,,,,,,,,,,,,,,
2026-07-30,US100,ny_am,False,,no_selected_candidate,,,,,,,,,,,,,,,,,
2026-07-31,US100,london,False,,no_selected_candidate,,,,,,,,,,,,,,,,,
2026-07-31,US100,ny_am,False,,no_selected_candidate,,,,,,,,,,,,,,,,,
2026-08-03,US100,london,False,,no_selected_candidate,,,,,,,,,,,,,,,,,
2026-08-03,US100,ny_am,False,,no_selected_candidate,,,,,,,,,,,,,,,,,
2026-08-04,US100,london,True,REV,named_extreme_raid+htf_pd+mss,2026-08-04T03:15:00,buy,28946.375,28838.789,side:rev_side_conflicts_with_raid,pdh,bullish,qualified,D_FVG_bear_2026-07-24,,,,,,2a036942ba5228a8,kernel_ticket:pass:kernel_session_ticket|side:FAIL:rev_side_conflicts_with_raid|risk:pass:within_caps|allowlist:FAIL:not_on_mint_allowlist|mode:pass:paper,
2026-08-04,US100,ny_am,True,REV,named_extreme_raid+htf_pd+mss,2026-08-04T07:15:00,buy,29021.131,28838.789,side:rev_side_conflicts_with_raid,pdh,bullish,aligned,D_FVG_bear_2026-07-24,,,,,,2f567c56261652c9,kernel_ticket:pass:kernel_session_ticket|side:FAIL:rev_side_conflicts_with_raid|risk:pass:within_caps|allowlist:FAIL:not_on_mint_allowlist|mode:pass:paper,
2026-08-05,US100,london,True,REV,named_extreme_raid+htf_pd+mss,2026-08-05T02:30:00,buy,29804.497,29828.043,side:rev_side_conflicts_with_raid,pdh,bullish,aligned,D_FVG_bull_2026-07-10,,,,,,558b1385d56c3958,kernel_ticket:pass:kernel_session_ticket|side:FAIL:rev_side_conflicts_with_raid|risk:FAIL:stop_not_protective|allowlist:FAIL:not_on_mint_allowlist|mode:pass:paper,
2026-08-05,US100,ny_am,True,REV,named_extreme_raid+htf_pd+mss,2026-08-05T10:00:00,buy,29924.053,29828.043,side:rev_side_conflicts_with_raid,pdh,bullish,aligned,D_FVG_bull_2026-07-10,,,,,,3e845934277b6da4,kernel_ticket:pass:kernel_session_ticket|side:FAIL:rev_side_conflicts_with_raid|risk:pass:within_caps|allowlist:FAIL:not_on_mint_allowlist|mode:pass:paper,
2026-08-06,US100,london,False,,no_selected_candidate,,,,,,,,,,,,,,,,,
2026-08-06,US100,ny_am,True,REV,named_extreme_raid+htf_pd+mss,2026-08-06T07:15:00,sell,29296.443,29407.008,side:rev_side_conflicts_with_raid,pdl,bearish,aligned,D_FVG_bull_2026-07-10,,,,,,2bc3e8a8249f662c,kernel_ticket:pass:kernel_session_ticket|side:FAIL:rev_side_conflicts_with_raid|risk:pass:within_caps|allowlist:FAIL:not_on_mint_allowlist|mode:pass:paper,
2026-08-07,US100,london,False,,no_selected_candidate,,,,,,,,,,,,,,,,,
2026-08-07,US100,ny_am,False,,no_selected_candidate,,,,,,,,,,,,,,,,,
2026-08-10,US100,london,True,REV,named_extreme_raid+htf_pd+mss,2026-08-10T02:30:00,buy,29801.042,29754.675,side:rev_side_conflicts_with_raid,pdh,bullish,aligned,D_FVG_bull_2026-08-05,,,,,,51a6247f2423f648,kernel_ticket:pass:kernel_session_ticket|side:FAIL:rev_side_conflicts_with_raid|risk:pass:within_caps|allowlist:FAIL:not_on_mint_allowlist|mode:pass:paper,
2026-08-10,US100,ny_am,True,REV,named_extreme_raid+htf_pd+mss,2026-08-10T07:15:00,buy,29763.854,29754.675,side:rev_side_conflicts_with_raid,pdh,bullish,qualified,D_FVG_bull_2026-08-05,,,,,,b36c9645170113a8,kernel_ticket:pass:kernel_session_ticket|side:FAIL:rev_side_conflicts_with_raid|risk:pass:within_caps|allowlist:FAIL:not_on_mint_allowlist|mode:pass:paper,
2026-08-11,US100,london,False,,no_selected_candidate,,,,,,,,,,,,,,,,,
2026-08-11,US100,ny_am,False,,no_selected_candidate,,,,,,,,,,,,,,,,,
2026-08-12,US100,london,False,,no_selected_candidate,,,,,,,,,,,,,,,,,
2026-08-12,US100,ny_am,False,,no_selected_candidate,,,,,,,,,,,,,,,,,
2026-08-13,US100,london,False,,no_selected_candidate,,,,,,,,,,,,,,,,,
2026-08-13,US100,ny_am,True,REV,named_extreme_raid+htf_pd+mss,2026-08-13T10:00:00,buy,30073.589,29895.389,side:rev_side_conflicts_with_raid,pdh,bullish,aligned,D_FVG_bull_2026-08-10,,,,,,1c7c0ce2fa5e80eb,kernel_ticket:pass:kernel_session_ticket|side:FAIL:rev_side_conflicts_with_raid|risk:pass:within_caps|allowlist:FAIL:not_on_mint_allowlist|mode:pass:paper,
2026-08-14,US100,london,False,,no_selected_candidate,,,,,,,,,,,,,,,,,
2026-08-14,US100,ny_am,True,REV,named_extreme_raid+htf_pd+mss,2026-08-14T08:15:00,buy,30139.409,30166.92,side:rev_side_conflicts_with_raid,pdh,bullish,aligned,D_FVG_bull_2026-08-10,,,,,,4842192cdc21f309,kernel_ticket:pass:kernel_session_ticket|side:FAIL:rev_side_conflicts_with_raid|risk:FAIL:stop_not_protective|allowlist:FAIL:not_on_mint_allowlist|mode:pass:paper,
2026-08-17,US100,london,False,,no_selected_candidate,,,,,,,,,,,,,,,,,
2026-08-17,US100,ny_am,False,,no_selected_candidate,,,,,,,,,,,,,,,,,
2026-08-18,US100,london,True,REV,named_extreme_raid+htf_pd+mss,2026-08-18T02:15:00,sell,29743.376,29972.243,side:rev_side_conflicts_with_raid,pdl,bearish,aligned,D_FVG_bull_2026-08-14,,,,,,b2dcc1172372616d,kernel_ticket:pass:kernel_session_ticket|side:FAIL:rev_side_conflicts_with_raid|risk:pass:within_caps|allowlist:FAIL:not_on_mint_allowlist|mode:pass:paper,
2026-08-18,US100,ny_am,True,REV,named_extreme_raid+htf_pd+mss,2026-08-18T07:15:00,sell,29675.753,29972.243,side:rev_side_conflicts_with_raid,pdl,bearish,qualified,D_FVG_bull_2026-08-14,,,,,,487f02d9296f3f94,kernel_ticket:pass:kernel_session_ticket|side:FAIL:rev_side_conflicts_with_raid|risk:pass:within_caps|allowlist:FAIL:not_on_mint_allowlist|mode:pass:paper,
2026-08-19,US100,london,True,REV,named_extreme_raid+htf_pd+mss,2026-08-19T02:30:00,sell,29394.508,29426.243,side:rev_side_conflicts_with_raid,pdl,bearish,aligned,D_FVG_bull_2026-08-10,,,,,,cecb3f40788a7b53,kernel_ticket:pass:kernel_session_ticket|side:FAIL:rev_side_conflicts_with_raid|risk:pass:within_caps|allowlist:FAIL:not_on_mint_allowlist|mode:pass:paper,
2026-08-19,US100,ny_am,True,REV,named_extreme_raid+htf_pd+mss,2026-08-19T10:00:00,sell,29406.776,29426.243,side:rev_side_conflicts_with_raid,pdl,bearish,aligned,D_FVG_bull_2026-08-10,,,,,,eb74868b15283213,kernel_ticket:pass:kernel_session_ticket|side:FAIL:rev_side_conflicts_with_raid|risk:pass:within_caps|allowlist:FAIL:not_on_mint_allowlist|mode:pass:paper,
2026-08-20,US100,london,False,,no_selected_candidate,,,,,,,,,,,,,,,,,
2026-08-20,US100,ny_am,True,REV,named_extreme_raid+htf_pd+mss,2026-08-20T08:15:00,sell,29180.119,29288.764,side:rev_side_conflicts_with_raid,pdl,bearish,aligned,D_FVG_bull_2026-08-10,,,,,,927ef62b2798aab4,kernel_ticket:pass:kernel_session_ticket|side:FAIL:rev_side_conflicts_with_raid|risk:pass:within_caps|allowlist:FAIL:not_on_mint_allowlist|mode:pass:paper,
2026-08-21,US100,london,False,,no_selected_candidate,,,,,,,,,,,,,,,,,
2026-08-21,US100,ny_am,False,,no_selected_candidate,,,,,,,,,,,,,,,,,
2026-08-24,US100,london,False,,no_selected_candidate,,,,,,,,,,,,,,,,,
2026-08-24,US100,ny_am,True,REV,named_extreme_raid+htf_pd+mss,2026-08-24T07:15:00,buy,29091.486,29140.054,risk:stop_not_protective,pdl,bullish,qualified,D_FVG_bull_2026-08-04,,,,,,088c6ad0f1d8fec8,kernel_ticket:pass:kernel_session_ticket|side:pass:determined|risk:FAIL:stop_not_protective|allowlist:FAIL:not_on_mint_allowlist|mode:pass:paper,
2026-08-25,US100,london,False,,no_selected_candidate,,,,,,,,,,,,,,,,,
2026-08-25,US100,ny_am,False,,no_selected_candidate,,,,,,,,,,,,,,,,,
2026-08-26,US100,london,False,,no_selected_candidate,,,,,,,,,,,,,,,,,
2026-08-26,US100,ny_am,False,,no_selected_candidate,,,,,,,,,,,,,,,,,
2026-08-27,US100,london,False,,no_selected_candidate,,,,,,,,,,,,,,,,,
2026-08-27,US100,ny_am,True,REV,named_extreme_raid+htf_pd+mss,2026-08-27T07:15:00,buy,29552.198,29304.921,side:rev_side_conflicts_with_raid,pdh,bullish,qualified,D_FVG_bull_2026-08-05,,,,,,a5397e3245d0e646,kernel_ticket:pass:kernel_session_ticket|side:FAIL:rev_side_conflicts_with_raid|risk:pass:within_caps|allowlist:FAIL:not_on_mint_allowlist|mode:pass:paper,
2026-08-28,US100,london,False,,no_selected_candidate,,,,,,,,,,,,,,,,,
2026-08-28,US100,ny_am,False,,no_selected_candidate,,,,,,,,,,,,,,,,,
2026-08-31,US100,london,False,,no_selected_candidate,,,,,,,,,,,,,,,,,
2026-08-31,US100,ny_am,True,REV,named_extreme_raid+htf_pd+mss,2026-08-31T07:15:00,sell,29385.819,29381.164,side:rev_side_conflicts_with_raid,pdl,bearish,qualified,D_FVG_bull_2026-08-10,,,,,,a903d705c90cd48d,kernel_ticket:pass:kernel_session_ticket|side:FAIL:rev_side_conflicts_with_raid|risk:FAIL:stop_not_protective|allowlist:FAIL:not_on_mint_allowlist|mode:pass:paper,
2026-09-01,US100,london,False,,no_selected_candidate,,,,,,,,,,,,,,,,,
2026-09-01,US100,ny_am,True,REV,named_extreme_raid+htf_pd+mss,2026-09-01T08:00:00,sell,29122.009,29220.197,side:rev_side_conflicts_with_raid,pdl,bearish,aligned,D_FVG_bull_2026-08-28,,,,,,a84f0a7b63fc1ef8,kernel_ticket:pass:kernel_session_ticket|side:FAIL:rev_side_conflicts_with_raid|risk:pass:within_caps|allowlist:FAIL:not_on_mint_allowlist|mode:pass:paper,
2026-09-02,US100,london,False,,no_selected_candidate,,,,,,,,,,,,,,,,,
2026-09-02,US100,ny_am,True,REV,named_extreme_raid+htf_pd+mss,2026-09-02T07:15:00,sell,28971.221,28953.687,side:rev_side_conflicts_with_raid,pdl,bearish,qualified,D_FVG_bull_2026-08-28,,,,,,78164c5a2e83d266,kernel_ticket:pass:kernel_session_ticket|side:FAIL:rev_side_conflicts_with_raid|risk:FAIL:stop_not_protective|allowlist:FAIL:not_on_mint_allowlist|mode:pass:paper,
2026-09-03,US100,london,False,,no_selected_candidate,,,,,,,,,,,,,,,,,
2026-09-03,US100,ny_am,True,REV,named_extreme_raid+htf_pd+mss,2026-09-03T10:00:00,buy,29288.476,29165.698,side:rev_side_conflicts_with_raid,pdh,bullish,aligned,D_FVG_bear_2026-09-02,,,,,,029e91d9ccd023f3,kernel_ticket:pass:kernel_session_ticket|side:FAIL:rev_side_conflicts_with_raid|risk:pass:within_caps|allowlist:FAIL:not_on_mint_allowlist|mode:pass:paper,
2026-09-04,US100,london,True,REV,named_extreme_raid+htf_pd+mss,2026-09-04T02:45:00,buy,29561.575,29539.299,side:rev_side_conflicts_with_raid,pdh,bullish,aligned,D_FVG_bull_2026-08-28,,,,,,91259e0cef57bcc1,kernel_ticket:pass:kernel_session_ticket|side:FAIL:rev_side_conflicts_with_raid|risk:pass:within_caps|allowlist:FAIL:not_on_mint_allowlist|mode:pass:paper,
2026-09-04,US100,ny_am,True,REV,named_extreme_raid+htf_pd+mss,2026-09-04T07:15:00,buy,29617.221,29539.299,side:rev_side_conflicts_with_raid,pdh,bullish,aligned,D_FVG_bull_2026-08-10,,,,,,3ee934591cb718b1,kernel_ticket:pass:kernel_session_ticket|side:FAIL:rev_side_conflicts_with_raid|risk:pass:within_caps|allowlist:FAIL:not_on_mint_allowlist|mode:pass:paper,
2026-09-08,US100,london,False,,no_selected_candidate,,,,,,,,,,,,,,,,,
2026-09-08,US100,ny_am,False,,no_selected_candidate,,,,,,,,,,,,,,,,,
2026-09-09,US100,london,False,,no_selected_candidate,,,,,,,,,,,,,,,,,
2026-09-09,US100,ny_am,True,REV,named_extreme_raid+htf_pd+mss,2026-09-09T07:15:00,sell,29382.543,29392.232,side:rev_side_conflicts_with_raid,pdl,bearish,aligned,D_FVG_bear_2026-08-19,,,,,,295acbee2cde7ac4,kernel_ticket:pass:kernel_session_ticket|side:FAIL:rev_side_conflicts_with_raid|risk:pass:within_caps|allowlist:FAIL:not_on_mint_allowlist|mode:pass:paper,
2026-09-10,US100,london,False,,no_selected_candidate,,,,,,,,,,,,,,,,,
2026-09-10,US100,ny_am,True,REV,named_extreme_raid+htf_pd+mss,2026-09-10T08:00:00,sell,29238.253,29307.586,side:rev_side_conflicts_with_raid,pdl,bearish,aligned,D_FVG_bull_2026-08-28,,,,,,8e487d4a51493eed,kernel_ticket:pass:kernel_session_ticket|side:FAIL:rev_side_conflicts_with_raid|risk:pass:within_caps|allowlist:FAIL:not_on_mint_allowlist|mode:pass:paper,
2026-09-11,US100,london,False,,no_selected_candidate,,,,,,,,,,,,,,,,,
2026-09-11,US100,ny_am,False,,no_selected_candidate,,,,,,,,,,,,,,,,,
2026-09-14,US100,london,False,,no_selected_candidate,,,,,,,,,,,,,,,,,
2026-09-14,US100,ny_am,True,PIP20,window=ny_expansion+interp_trigger,2026-09-14T10:00:00,buy,28989.408,28969.408,allowlist:not_on_mint_allowlist,pdl,bullish,aligned,,,,,,,cbc6146673bf2b12,kernel_ticket:pass:kernel_session_ticket|side:pass:determined|risk:pass:within_caps|allowlist:FAIL:not_on_mint_allowlist|mode:pass:paper,
2026-09-15,US100,london,False,,no_selected_candidate,,,,,,,,,,,,,,,,,
2026-09-15,US100,ny_am,False,,no_selected_candidate,,,,,,,,,,,,,,,,,
2026-09-16,US100,london,False,,no_selected_candidate,,,,,,,,,,,,,,,,,
2026-09-16,US100,ny_am,False,,no_selected_candidate,,,,,,,,,,,,,,,,,
2026-09-17,US100,london,False,,no_selected_candidate,,,,,,,,,,,,,,,,,
2026-09-17,US100,ny_am,False,,no_selected_candidate,,,,,,,,,,,,,,,,,
2026-09-18,US100,london,True,REV,named_extreme_raid+htf_pd+mss,2026-09-18T02:15:00,buy,29585.408,29486.764,side:rev_side_conflicts_with_raid,pdh,bullish,aligned,D_FVG_bull_2026-08-28,,,,,,3d45f57569c537d0,kernel_ticket:pass:kernel_session_ticket|side:FAIL:rev_side_conflicts_with_raid|risk:pass:within_caps|allowlist:FAIL:not_on_mint_allowlist|mode:pass:paper,
2026-09-18,US100,ny_am,False,,no_selected_candidate,,,,,,,,,,,,,,,,,
2026-09-21,US100,london,True,REV,named_extreme_raid+htf_pd+mss,2026-09-21T02:15:00,buy,29824.119,29703.689,side:rev_side_conflicts_with_raid,pdh,bullish,aligned,D_FVG_bull_2026-08-28,,,,,,bd0361fe7fbf3881,kernel_ticket:pass:kernel_session_ticket|side:FAIL:rev_side_conflicts_with_raid|risk:pass:within_caps|allowlist:FAIL:not_on_mint_allowlist|mode:pass:paper,
2026-09-21,US100,ny_am,True,REV,named_extreme_raid+htf_pd+mss,2026-09-21T07:15:00,buy,29944.743,29703.689,side:rev_side_conflicts_with_raid,pdh,bullish,aligned,D_FVG_bull_2026-08-28,,,,,,2e07c6475cb5b146,kernel_ticket:pass:kernel_session_ticket|side:FAIL:rev_side_conflicts_with_raid|risk:pass:within_caps|allowlist:FAIL:not_on_mint_allowlist|mode:pass:paper,
2026-09-22,US100,london,False,,no_selected_candidate,,,,,,,,,,,,,,,,,
2026-09-22,US100,ny_am,True,REV,named_extreme_raid+htf_pd+mss,2026-09-22T07:15:00,buy,30490.275,30554.808,side:rev_side_conflicts_with_raid,pdh,bullish,qualified,D_FVG_bull_2026-09-21,,,,,,f668eb30568c53d9,kernel_ticket:pass:kernel_session_ticket|side:FAIL:rev_side_conflicts_with_raid|risk:FAIL:stop_not_protective|allowlist:FAIL:not_on_mint_allowlist|mode:pass:paper,
2026-09-23,US100,london,True,REV,named_extreme_raid+htf_pd+mss,2026-09-23T03:00:00,buy,30752.586,30765.809,side:rev_side_conflicts_with_raid,pdh,bullish,aligned,D_FVG_bull_2026-09-22,,,,,,eab68bfd2c36451d,kernel_ticket:pass:kernel_session_ticket|side:FAIL:rev_side_conflicts_with_raid|risk:FAIL:stop_not_protective|allowlist:FAIL:not_on_mint_allowlist|mode:pass:paper,
2026-09-23,US100,ny_am,False,,no_selected_candidate,,,,,,,,,,,,,,,,,
2026-09-24,US100,london,False,,no_selected_candidate,,,,,,,,,,,,,,,,,
2026-09-24,US100,ny_am,False,,no_selected_candidate,,,,,,,,,,,,,,,,,
2026-09-25,US100,london,False,,no_selected_candidate,,,,,,,,,,,,,,,,,
2026-09-25,US100,ny_am,True,PIP20,window=ny_expansion+interp_trigger,2026-09-25T10:00:00,sell,30616.276,30636.276,allowlist:not_on_mint_allowlist,pdh,bearish,qualified,,,,,,,2ef6396c2a6e4405,kernel_ticket:pass:kernel_session_ticket|side:pass:determined|risk:pass:within_caps|allowlist:FAIL:not_on_mint_allowlist|mode:pass:paper,
