date,open,high,low,close,n_bars,open_0930,H_rth,L_rth,n_rth
2022-12-26,13759.0,13838.75,13759.0,13818.0,360,,,,0
2022-12-27,13818.25,13832.0,13546.5,13579.75,1380,13706.5,13711.0,13551.0,390
2022-12-28,13580.0,13651.5,13413.75,13459.0,1379,13555.25,13651.5,13413.75,390
2022-12-29,13459.0,13726.5,13448.0,13677.0,1378,13540.75,13726.5,13511.5,390
2022-12-30,13677.5,13706.5,13510.5,13696.75,1020,13566.5,13681.0,13510.5,390
2023-01-02,13777.5,13805.0,13607.0,13677.0,360,,,,0
2023-01-03,13677.25,13837.0,13499.75,13638.5,1380,13774.25,13837.0,13499.75,390
2023-01-04,13638.0,13723.5,13518.5,13638.75,1380,13688.5,13723.5,13518.5,390
2023-01-05,13638.0,13701.75,13460.0,13529.5,1380,13578.0,13582.25,13460.0,390
2023-01-06,13529.25,13820.75,13406.0,13763.75,1020,13546.0,13820.75,13421.25,390
2023-01-08,13781.5,13833.0,13778.25,13829.0,358,,,,0
2023-01-09,13828.75,14040.5,13775.25,13800.25,1380,13854.75,14040.5,13814.75,390
2023-01-10,13800.0,13956.5,13749.0,13931.75,1380,13797.75,13941.25,13775.75,390
2023-01-11,13931.5,14147.75,13894.75,14142.25,1380,13978.5,14134.5,13946.0,390
2023-01-12,14142.0,14234.75,13946.0,14146.5,1380,14145.5,14229.75,13966.25,390
2023-01-13,14146.5,14274.5,14044.0,14256.5,1020,14079.5,14274.5,14063.75,390
2023-01-15,14268.5,14293.75,14237.5,14272.75,359,,,,0
2023-01-16,14272.75,14274.5,14165.25,14200.75,1140,14246.25,14266.25,14215.5,210
2023-01-17,14200.25,14347.5,14185.5,14300.25,1380,14253.75,14340.0,14204.5,390
2023-01-18,14300.0,14414.5,14101.5,14123.5,1380,14350.0,14414.5,14125.5,390
2023-01-19,14123.75,14141.75,13963.5,14054.25,1380,14062.25,14109.25,13963.5,390
2023-01-20,14054.0,14341.75,14020.25,14332.75,1020,14083.25,14341.75,14038.5,390
2023-01-22,14331.75,14340.25,14305.5,14322.0,359,,,,0
2023-01-23,14322.0,14638.0,14307.0,14585.0,1380,14358.75,14638.0,14326.75,390
2023-01-24,14584.75,14665.5,14453.25,14474.25,1380,14515.0,14606.5,14493.25,390
2023-01-25,14473.75,14577.75,14259.5,14571.25,1380,14367.5,14558.5,14259.5,390
2023-01-26,14571.0,14768.0,14559.25,14688.0,1380,14672.75,14766.25,14559.25,390
2023-01-27,14688.5,14963.5,14671.0,14876.0,1020,14702.25,14963.5,14696.75,390
2023-01-29,14867.5,14907.0,14825.0,14835.0,360,,,,0
2023-01-30,14834.25,14834.25,14576.75,14593.0,1380,14738.0,14798.25,14615.0,390
2023-01-31,14593.0,14811.0,14526.0,14762.0,1380,14629.5,14811.0,14624.0,390
2023-02-01,14761.75,15214.75,14710.25,15195.0,1380,14798.75,15171.25,14710.25,390
2023-02-02,15195.0,15604.75,15163.0,15310.5,1380,15333.5,15589.5,15302.25,390
2023-02-03,15311.0,15533.0,15206.25,15271.5,1020,15229.25,15533.0,15213.5,390
2023-02-05,15227.0,15260.5,15205.0,15221.25,360,,,,0
2023-02-06,15222.0,15263.5,15110.75,15186.0,1380,15164.0,15263.5,15110.75,390
2023-02-07,15186.0,15473.5,15114.25,15442.5,1379,15159.0,15473.5,15114.25,390
2023-02-08,15442.5,15463.5,15167.75,15231.75,1380,15368.75,15407.0,15167.75,390
2023-02-09,15232.0,15383.5,15021.5,15043.75,1380,15377.5,15383.5,15021.5,390
2023-02-10,15044.5,15101.25,14898.25,14997.0,1020,14990.25,15077.0,14898.25,390
2023-02-12,15012.5,15022.0,14920.25,14939.75,360,,,,0
2023-02-13,14940.25,15222.0,14938.25,15179.25,1380,15057.0,15222.0,15007.0,390
2023-02-14,15179.25,15342.0,15045.5,15218.75,1380,15129.0,15328.5,15045.5,390
2023-02-15,15219.75,15447.75,15179.25,15435.0,1380,15208.25,15389.5,15179.25,390
2023-02-16,15434.5,15439.0,15056.5,15068.5,1380,15179.0,15349.25,15130.75,390
2023-02-17,15068.5,15078.75,14920.75,15039.25,1020,15044.5,15078.75,14920.75,390
2023-02-19,15035.0,15061.5,15001.5,15049.75,360,,,,0
2023-02-20,15050.0,15072.75,14988.75,15000.0,1139,15048.25,15050.75,15021.0,210
2023-02-21,15000.0,15015.5,14745.25,14783.75,1380,14884.0,14945.0,14745.25,390
2023-02-22,14784.0,14867.75,14689.0,14861.5,1379,14775.25,14845.5,14689.0,390
2023-02-23,14861.25,14916.0,14683.5,14832.5,1380,14907.5,14914.75,14683.5,390
2023-02-24,14831.75,14842.5,14578.0,14654.75,1020,14648.75,14698.0,14578.0,390
2023-02-26,14658.0,14702.0,14645.0,14686.25,360,,,,0
2023-02-27,14686.0,14844.5,14661.5,14761.5,1379,14786.0,14844.5,14713.5,390
2023-02-28,14761.0,14827.75,14644.25,14726.25,1380,14710.75,14827.75,14696.5,390
2023-03-01,14726.25,14796.75,14509.25,14558.75,1380,14707.0,14734.5,14579.75,390
2023-03-02,14559.25,14751.25,14487.5,14688.0,1380,14512.5,14751.25,14501.25,390
2023-03-03,14688.0,14984.0,14674.0,14979.5,1020,14789.5,14976.25,14766.5,390
2023-03-05,14961.25,15033.0,14931.25,14995.25,360,,,,0
2023-03-06,14996.25,15141.25,14950.5,15022.5,1380,15015.75,15141.25,14969.25,390
2023-03-07,15022.5,15036.25,14793.75,14817.25,1379,14979.25,15017.75,14797.25,390
2023-03-08,14817.0,14909.5,14763.25,14859.0,1380,14840.25,14909.5,14763.25,390
2023-03-09,14859.25,15008.5,14581.0,14592.25,1380,14901.25,15008.5,14632.5,390
2023-03-10,14591.75,14764.0,14450.0,14547.5,1020,14673.0,14734.5,14450.0,390
2023-03-12,14538.75,14724.25,14500.75,14701.25,360,,,,0
2023-03-13,14702.0,14747.5,14331.0,14639.75,1380,14411.25,14738.25,14346.75,390
2023-03-14,14640.5,14899.0,14557.0,14873.75,1380,14732.5,14881.25,14693.25,390
2023-03-15,14873.0,14987.25,14621.5,14955.0,1380,14735.25,14932.25,14677.0,390
2023-03-16,14954.75,15260.5,14838.75,15245.0,1380,14870.0,15260.5,14838.75,390
2023-03-17,15245.25,15336.0,15094.25,15173.25,1020,15234.75,15336.0,15094.25,390
2023-03-19,15214.75,15274.75,15180.75,15191.25,360,,,,0
2023-03-20,15192.0,15262.5,15050.0,15220.5,1380,15147.75,15232.75,15054.25,390
2023-03-21,15219.75,15423.0,15211.25,15400.0,1380,15300.0,15423.0,15237.25,390
2023-03-22,15399.75,15606.75,15202.75,15295.5,1380,15397.25,15606.75,15220.75,390
2023-03-23,15295.0,15555.75,15258.25,15386.0,1380,15380.0,15555.75,15258.25,390
2023-03-24,15386.25,15449.5,15252.75,15447.5,1020,15351.5,15420.75,15252.75,390
2023-03-26,15440.75,15486.0,15427.25,15475.75,360,,,,0
2023-03-27,15475.5,15509.25,15290.25,15334.0,1380,15444.0,15490.0,15290.25,390
2023-03-28,15333.75,15358.25,15159.0,15298.5,1380,15301.0,15302.0,15159.0,390
2023-03-29,15298.75,15518.75,15297.0,15467.75,1380,15412.5,15518.75,15379.25,390
2023-03-30,15467.75,15663.5,15466.5,15654.75,1380,15589.5,15636.5,15536.0,390
2023-03-31,15654.75,15836.25,15582.25,15832.75,1020,15616.75,15836.25,15605.0,390
2023-04-02,15786.75,15800.25,15724.75,15740.75,360,,,,0
2023-04-03,15740.75,15803.5,15678.75,15769.25,1379,15735.0,15803.5,15678.75,390
2023-04-04,15769.25,15873.5,15693.0,15750.75,1380,15809.5,15851.5,15693.0,390
2023-04-05,15750.75,15760.75,15530.75,15550.75,1083,15698.5,15706.75,15530.75,273
2023-04-06,15550.5,15715.75,15478.0,15684.75,1379,15537.25,15715.75,15478.0,390
2023-04-07,15684.5,15717.0,15646.75,15709.0,554,,,,0
2023-04-09,15704.5,15728.0,15655.75,15665.75,360,,,,0
2023-04-10,15665.5,15711.25,15492.25,15676.5,1380,15568.5,15689.5,15492.25,390
2023-04-11,15676.5,15733.5,15578.25,15597.75,1379,15684.0,15685.25,15578.25,390
2023-04-12,15597.75,15766.5,15450.25,15497.75,1380,15681.75,15705.25,15462.5,390
2023-04-13,15497.75,15752.75,15482.0,15723.0,1380,15552.5,15752.75,15544.5,390
2023-04-14,15723.25,15779.75,15582.75,15724.25,1020,15664.0,15779.75,15582.75,390
2023-04-16,15737.25,15739.5,15698.75,15707.0,360,,,,0
2023-04-17,15706.25,15742.75,15601.5,15694.0,1379,15687.25,15730.75,15601.5,390
2023-04-18,15693.5,15823.5,15662.75,15696.0,1379,15804.75,15822.5,15662.75,390
2023-04-19,15695.75,15751.5,15589.75,15665.25,1380,15610.0,15751.5,15605.25,390
2023-04-20,15665.5,15724.75,15546.5,15617.75,1380,15576.25,15724.75,15546.5,390
2023-04-21,15617.25,15646.75,15507.25,15600.75,1020,15582.25,15646.75,15507.25,390
2023-04-23,15594.75,15599.5,15571.0,15576.75,360,,,,0
2023-04-24,15576.5,15658.75,15492.0,15536.75,1380,15602.25,15658.75,15492.0,390
2023-04-25,15536.75,15552.0,15324.75,15495.0,1380,15513.25,15540.25,15330.75,390
2023-04-26,15495.25,15537.0,15388.5,15477.25,1380,15475.0,15537.0,15388.5,390
2023-04-27,15477.75,15857.75,15476.5,15726.0,1380,15565.5,15778.0,15538.25,390
2023-04-28,15726.0,15860.75,15693.75,15850.5,1020,15745.0,15849.0,15697.0,390
2023-04-30,15841.75,15868.75,15821.0,15858.75,360,,,,0
2023-05-01,15859.25,15895.0,15783.5,15825.0,1380,15825.5,15888.25,15783.5,390
2023-05-02,15824.75,15859.5,15635.0,15713.5,1380,15825.5,15838.0,15635.0,390
2023-05-03,15713.0,15838.75,15569.0,15673.75,1379,15723.75,15838.75,15617.25,390
2023-05-04,15674.0,15697.75,15526.5,15635.75,1380,15607.5,15656.0,15526.5,390
2023-05-05,15635.75,15883.75,15601.0,15835.25,1020,15664.0,15883.75,15649.0,390
2023-05-07,15840.75,15857.5,15819.0,15837.75,360,,,,0
2023-05-08,15837.75,15892.75,15779.25,15865.5,1378,15825.75,15892.75,15779.25,390
2023-05-09,15865.75,15871.75,15775.25,15796.25,1380,15805.5,15842.25,15775.25,390
2023-05-10,15796.5,15972.5,15727.5,15957.75,1380,15891.25,15971.5,15787.0,390
2023-05-11,15958.5,16019.0,15886.25,16006.75,1380,15952.0,15995.0,15886.25,390
2023-05-12,16006.25,16018.5,15835.25,15895.25,1020,15992.75,16012.0,15835.25,390
2023-05-14,15903.5,15919.0,15874.75,15915.25,360,,,,0
2023-05-15,15915.25,16004.75,15876.25,15983.5,1380,15941.25,16004.75,15876.25,390
2023-05-16,15983.25,16079.25,15951.0,16040.0,1380,15960.5,16079.25,15959.25,390
2023-05-17,16040.25,16193.75,15999.0,16168.75,1380,16049.75,16193.75,16000.25,390
2023-05-18,16169.25,16485.0,16156.25,16453.75,1380,16178.5,16426.0,16177.5,390
2023-05-19,16454.0,16456.5,16339.0,16365.75,1020,16422.75,16453.75,16339.0,390
2023-05-21,16330.25,16398.75,16319.0,16395.75,360,,,,0
2023-05-22,16396.25,16504.0,16349.25,16461.25,1380,16372.75,16471.5,16371.75,390
2023-05-23,16461.75,16463.0,16234.75,16269.0,1380,16355.75,16402.75,16234.75,390
2023-05-24,16268.75,16408.5,16091.25,16362.5,1380,16167.75,16230.5,16091.25,390
2023-05-25,16362.0,16556.0,16351.25,16476.0,1380,16479.5,16556.0,16376.0,390
2023-05-26,16476.0,16893.75,16467.5,16892.0,1020,16543.25,16893.25,16539.5,390
2023-05-28,16962.25,16984.5,16911.5,16918.0,360,,,,0
2023-05-29,16918.0,16957.0,16892.25,16913.25,1140,16903.0,16937.0,16892.75,210
2023-05-30,16913.5,17094.75,16861.5,16905.25,1380,17034.75,17084.25,16861.5,390
2023-05-31,16905.25,16937.0,16773.0,16804.25,1380,16854.75,16937.0,16776.0,390
2023-06-01,16804.75,17053.0,16776.75,17032.25,1380,16822.75,17053.0,16776.75,390
2023-06-02,17032.25,17152.5,16993.0,17112.5,1020,17068.0,17152.5,16993.0,390
2023-06-04,17101.75,17104.25,17037.5,17053.25,355,,,,0
2023-06-05,17053.5,17219.5,17041.0,17113.75,1380,17093.5,17219.5,17068.25,390
2023-06-06,17113.5,17148.5,17029.25,17111.0,1378,17085.75,17148.5,17029.25,390
2023-06-07,17111.25,17199.75,16829.0,16831.5,1380,17117.0,17199.75,16830.25,390
2023-06-08,16832.0,17051.5,16781.5,17024.75,1380,16862.75,17048.25,16852.75,390
2023-06-09,17024.5,17212.25,16985.0,17091.0,1020,17086.5,17212.25,17021.0,390
2023-06-11,17082.75,17134.5,17080.25,17113.0,358,,,,0
2023-06-12,17112.25,17400.75,17101.25,17395.5,1377,17152.25,17339.0,17112.25,390
2023-06-13,17396.0,17499.5,17311.25,17447.0,1380,17445.25,17478.25,17311.25,390
2023-06-14,17446.75,17591.75,17324.25,17544.5,1379,17443.75,17564.25,17324.25,390
2023-06-15,17544.25,17789.25,17414.25,17694.5,1380,17489.25,17789.25,17462.75,390
2023-06-16,17694.5,17823.75,17606.75,17649.0,1020,17819.25,17823.75,17606.75,390
2023-06-18,17651.5,17670.75,17618.0,17619.25,360,,,,0
2023-06-19,17619.25,17654.0,17572.25,17585.75,1139,17599.25,17601.25,17578.75,210
2023-06-20,17586.25,17659.0,17474.75,17603.5,1380,17559.75,17659.0,17474.75,390
2023-06-21,17602.75,17614.0,17350.5,17377.0,1379,17550.0,17567.5,17350.5,390
2023-06-22,17377.0,17586.25,17312.25,17505.0,1380,17329.75,17566.25,17312.25,390
2023-06-23,17504.75,17524.25,17333.5,17401.5,1020,17391.75,17503.5,17333.5,390
2023-06-25,17406.0,17462.25,17402.5,17450.0,360,,,,0
2023-06-26,17450.0,17500.75,17201.75,17224.0,1380,17384.75,17500.75,17201.75,390
2023-06-27,17224.0,17487.5,17221.5,17411.25,1380,17266.25,17487.5,17236.25,390
2023-06-28,17411.5,17567.25,17369.5,17495.75,1380,17377.75,17567.25,17373.75,390
2023-06-29,17495.5,17551.0,17376.75,17471.0,1378,17467.5,17493.0,17376.75,390
2023-06-30,17471.0,17725.0,17469.0,17664.75,1020,17600.25,17725.0,17586.75,390
2023-07-02,17679.25,17710.75,17678.75,17700.5,360,,,,0
2023-07-03,17700.25,17740.25,17656.25,17698.25,1153,17703.5,17738.25,17656.25,225
2023-07-04,17697.75,17716.75,17679.25,17692.5,1139,17712.0,17716.75,17688.75,210
2023-07-05,17692.75,17780.25,17603.5,17647.75,1380,17641.75,17780.25,17640.75,390
2023-07-06,17647.5,17655.25,17459.75,17581.75,1380,17544.25,17600.25,17459.75,390
2023-07-07,17581.5,17708.0,17520.5,17540.75,1019,17568.75,17708.0,17520.5,390
2023-07-09,17546.75,17546.75,17468.5,17478.0,360,,,,0
2023-07-10,17478.0,17566.5,17411.5,17544.0,1380,17516.75,17563.0,17411.5,390
2023-07-11,17544.0,17629.75,17457.75,17624.0,1379,17549.75,17627.0,17457.75,390
2023-07-12,17624.5,17856.0,17617.25,17849.75,1380,17778.5,17856.0,17692.25,390
2023-07-13,17849.5,18089.5,17834.75,18072.25,1380,17924.5,18089.5,17900.5,390
2023-07-14,18072.0,18205.5,18011.25,18042.0,1020,18070.0,18205.5,18011.25,390
2023-07-16,18038.25,18038.5,18009.75,18025.75,360,,,,0
2023-07-17,18025.0,18231.0,18021.5,18162.0,1380,18078.0,18231.0,18057.0,390
2023-07-18,18162.0,18378.0,18081.25,18311.25,1380,18163.5,18378.0,18081.25,390
2023-07-19,18311.5,18411.0,18190.5,18231.75,1380,18361.0,18411.0,18259.5,390
2023-07-20,18232.0,18252.5,17895.25,17951.0,1380,18182.0,18243.25,17895.25,390
2023-07-21,17950.25,18067.5,17870.5,17903.25,1020,18036.5,18067.5,17870.5,390
2023-07-23,17904.25,17919.25,17880.75,17894.5,360,,,,0
2023-07-24,17894.75,17967.0,17832.0,17910.25,1379,17926.75,17967.0,17832.0,390
2023-07-25,17910.0,18087.5,17903.25,18000.0,1380,17937.25,18084.5,17936.0,390
2023-07-26,17999.75,18058.75,17863.25,18048.75,1380,17967.25,18032.75,17863.25,390
2023-07-27,18048.75,18252.25,17859.5,17960.5,1380,18183.0,18252.25,17859.5,390
2023-07-28,17961.25,18244.25,17894.5,18194.25,1020,18086.0,18244.25,18064.0,390
2023-07-30,18198.25,18265.25,18144.0,18155.5,360,,,,0
2023-07-31,18155.0,18253.25,18139.5,18215.0,1380,18208.25,18253.25,18148.5,390
2023-08-01,18215.25,18222.75,18032.25,18076.0,1380,18144.75,18197.5,18076.5,390
2023-08-02,18075.75,18079.75,17762.25,17825.75,1380,18015.75,18017.0,17762.25,390
2023-08-03,17826.25,17900.0,17687.75,17861.25,1380,17706.25,17871.75,17699.5,390
2023-08-04,17861.0,17958.5,17684.75,17711.0,1020,17860.0,17958.5,17684.75,390
2023-08-06,17718.75,17793.0,17706.0,17782.75,360,,,,0
2023-08-07,17783.25,17846.0,17682.5,17781.75,1380,17781.75,17839.5,17682.5,390
2023-08-08,17782.0,17794.25,17566.25,17722.0,1380,17727.25,17727.75,17566.25,390
2023-08-09,17722.25,17780.75,17494.75,17588.0,1380,17710.25,17716.75,17494.75,390
2023-08-10,17588.25,17790.5,17484.25,17559.5,1380,17649.0,17790.5,17484.25,390
2023-08-11,17559.5,17590.0,17385.5,17452.0,1020,17440.0,17522.5,17385.5,390
2023-08-13,17452.25,17497.25,17369.0,17398.75,360,,,,0
2023-08-14,17398.5,17683.25,17383.25,17668.25,1380,17416.5,17621.75,17383.25,390
2023-08-15,17668.25,17678.75,17423.0,17469.5,1380,17572.75,17607.5,17423.0,390
2023-08-16,17470.0,17514.25,17235.75,17295.25,1380,17428.0,17492.25,17286.5,390
2023-08-17,17295.25,17366.5,17079.75,17109.75,1380,17342.5,17355.75,17102.75,390
2023-08-18,17110.25,17151.0,16957.5,17092.25,1020,16977.5,17151.0,16957.5,390
2023-08-20,17110.75,17143.5,17082.75,17112.25,360,,,,0
2023-08-21,17111.75,17362.0,17068.75,17322.0,1380,17157.0,17362.0,17137.0,390
2023-08-22,17322.5,17466.5,17280.25,17359.75,1380,17439.75,17440.5,17280.25,390
2023-08-23,17359.5,17747.0,17305.5,17732.0,1380,17357.25,17590.75,17347.75,390
2023-08-24,17731.75,17766.25,17165.25,17183.5,1380,17683.5,17688.0,17203.0,390
2023-08-25,17183.75,17397.0,17100.0,17320.5,1019,17245.25,17397.0,17100.0,390
2023-08-27,17339.25,17378.0,17321.75,17328.75,360,,,,0
2023-08-28,17328.75,17474.75,17324.0,17460.25,1378,17445.75,17474.75,17331.75,390
2023-08-29,17460.25,17816.25,17398.0,17803.75,1380,17425.0,17778.75,17411.0,390
2023-08-30,17804.0,17880.25,17709.75,17860.0,1380,17765.5,17871.0,17723.25,390
2023-08-31,17859.75,17955.0,17808.25,17895.25,1380,17840.5,17955.0,17837.0,390
2023-09-01,17895.75,18009.5,17802.25,17859.5,1020,17981.25,18001.0,17802.25,390
2023-09-03,17865.25,17891.0,17848.75,17881.75,359,,,,0
2023-09-04,17882.0,17927.0,17836.25,17847.5,1139,17903.25,17927.0,17860.5,210
2023-09-05,17848.0,17935.0,17766.5,17850.0,1380,17830.0,17935.0,17791.0,390
2023-09-06,17850.25,17866.0,17658.75,17734.0,1380,17847.75,17862.5,17658.75,390
2023-09-07,17734.25,17735.75,17505.75,17636.0,1380,17548.75,17660.0,17505.75,390
2023-09-08,17636.25,17739.0,17571.25,17661.25,1020,17621.25,17739.0,17604.0,390
2023-09-10,17652.75,17682.75,17643.75,17666.75,360,,,,0
2023-09-11,17666.75,17847.0,17665.5,17820.0,1379,17769.5,17847.0,17688.25,390
2023-09-12,17820.0,17831.0,17623.75,17629.75,1380,17751.5,17809.75,17634.75,390
2023-09-13,17629.5,17775.0,17557.0,17774.75,1380,17654.75,17770.75,17605.25,390
2023-09-14,17774.5,17869.5,17682.0,17861.0,1380,17771.0,17865.5,17682.0,390
2023-09-15,17861.25,17870.75,17507.75,17534.0,1020,17761.5,17778.5,17507.75,390
2023-09-17,17533.25,17570.75,17530.5,17562.25,360,,,,0
2023-09-18,17562.25,17612.0,17481.5,17559.25,1379,17507.25,17612.0,17494.0,390
2023-09-19,17559.25,17593.25,17399.5,17500.75,1379,17506.0,17559.0,17399.5,390
2023-09-20,17501.0,17587.25,17231.0,17246.5,1380,17570.25,17586.25,17298.5,390
2023-09-21,17246.75,17263.0,16987.25,17046.75,1380,17139.0,17171.25,17010.25,390
2023-09-22,17047.0,17178.5,17003.5,17027.25,1020,17088.5,17178.5,17003.5,390
2023-09-24,17031.25,17078.75,17018.5,17073.0,359,,,,0
2023-09-25,17072.5,17106.75,16933.25,17025.75,1380,16975.5,17090.25,16933.5,390
2023-09-26,17025.75,17044.0,16817.25,16889.25,1380,16976.0,16997.25,16817.25,390
2023-09-27,16889.75,16972.5,16737.0,16891.25,1380,16904.25,16972.5,16737.0,390
2023-09-28,16891.25,17098.5,16809.0,17037.0,1380,16846.25,17098.5,16809.0,390
2023-09-29,17036.25,17211.75,16962.0,17042.5,1020,17152.5,17211.75,16962.0,390
2023-10-01,17116.0,17161.0,17085.25,17127.0,360,,,,0
2023-10-02,17126.75,17197.0,16977.0,17135.0,1380,17024.75,17197.0,16998.75,390
2023-10-03,17135.25,17182.0,16791.0,16807.75,1380,17031.25,17125.75,16802.5,390
2023-10-04,16808.25,17107.0,16740.0,17088.0,1380,16904.25,17107.0,16885.5,390
2023-10-05,17088.75,17109.75,16867.25,17014.75,1380,17060.0,17077.5,16867.25,390
2023-10-06,17014.25,17311.25,16811.0,17290.5,1020,16887.0,17311.25,16853.25,390
2023-10-08,17191.25,17191.5,17129.75,17132.25,360,,,,0
2023-10-09,17132.5,17388.75,17100.5,17367.0,1377,17163.5,17363.75,17100.5,390
2023-10-10,17366.5,17534.5,17322.75,17447.75,1380,17351.5,17534.5,17331.0,390
2023-10-11,17448.25,17582.0,17404.0,17576.0,1380,17476.25,17538.25,17404.0,390
2023-10-12,17575.75,17619.75,17367.25,17479.5,1380,17544.25,17619.75,17367.25,390
2023-10-13,17479.0,17517.75,17213.25,17258.5,1020,17493.25,17517.75,17213.25,390
2023-10-15,17271.0,17338.5,17271.0,17315.0,360,,,,0
2023-10-16,17314.25,17487.75,17234.0,17425.5,1380,17327.0,17487.75,17319.75,390
2023-10-17,17425.5,17460.25,17201.25,17367.25,1380,17289.5,17460.25,17201.25,390
2023-10-18,17367.75,17374.75,17130.25,17146.75,1380,17281.75,17374.75,17130.25,390
2023-10-19,17146.75,17289.25,16968.5,16998.0,1380,17238.5,17289.25,17003.25,390
2023-10-20,16998.5,17038.5,16796.0,16800.0,1020,17013.5,17037.0,16802.75,390
2023-10-22,16831.0,16867.0,16813.5,16841.0,360,,,,0
2023-10-23,16840.75,17004.75,16665.25,16905.5,1380,16753.5,17004.75,16665.25,390
2023-10-24,16906.0,17099.75,16857.0,16937.0,1380,16929.25,17029.0,16857.0,390
2023-10-25,16937.0,16943.0,16453.25,16472.25,1380,16892.5,16900.25,16602.25,390
2023-10-26,16472.25,16610.0,16291.25,16457.5,1380,16572.25,16610.0,16291.25,390
2023-10-27,16457.5,16558.75,16360.75,16421.0,1020,16458.0,16558.75,16360.75,390
2023-10-29,16487.0,16502.75,16454.0,16492.0,360,,,,0
2023-10-30,16492.0,16627.5,16457.25,16495.0,1380,16516.75,16627.5,16457.25,390
2023-10-31,16495.5,16654.75,16462.25,16621.0,1380,16570.5,16654.75,16462.25,390
2023-11-01,16621.0,16968.5,16561.75,16957.0,1380,16671.25,16913.0,16666.25,390
2023-11-02,16956.25,17168.25,16931.75,17108.25,1380,17071.5,17159.5,17020.5,390
2023-11-03,17108.25,17379.5,17082.5,17337.25,1020,17202.0,17379.5,17191.5,390
2023-11-05,17338.0,17353.5,17313.75,17330.0,360,,,,0
2023-11-06,17330.25,17408.5,17289.0,17356.5,1380,17355.0,17408.5,17289.0,390
2023-11-07,17356.5,17563.25,17327.0,17509.5,1380,17426.75,17563.25,17375.0,390
2023-11-08,17509.5,17568.5,17437.75,17523.25,1380,17539.5,17568.5,17437.75,390
2023-11-09,17523.0,17604.75,17358.75,17399.0,1380,17555.5,17604.75,17387.75,390
2023-11-10,17399.0,17763.75,17358.25,17734.0,1020,17478.75,17755.5,17456.5,390
2023-11-12,17737.25,17752.25,17660.5,17664.75,360,,,,0
2023-11-13,17664.75,17740.5,17616.25,17723.5,1380,17680.75,17740.5,17616.25,390
2023-11-14,17723.25,18084.0,17703.0,18072.5,1380,17963.0,18069.75,17941.25,390
2023-11-15,18072.5,18200.5,17975.0,18001.75,1380,18108.25,18128.25,17983.5,390
2023-11-16,18001.75,18057.75,17947.75,18044.5,1380,18002.5,18057.75,17947.75,390
2023-11-17,18044.75,18091.0,17976.0,18025.25,1020,18013.75,18091.0,17976.0,390
2023-11-19,18046.0,18054.75,17999.25,18005.0,360,,,,0
2023-11-20,18005.25,18273.5,17988.25,18260.25,1380,18046.25,18267.75,18045.75,390
2023-11-21,18260.25,18264.75,18063.0,18122.25,1380,18164.0,18171.75,18067.75,390
2023-11-22,18122.5,18324.5,18093.75,18200.25,1379,18220.75,18324.5,18156.5,390
2023-11-23,18200.0,18237.5,18199.5,18212.25,1140,18214.0,18225.75,18202.5,210
2023-11-24,18212.25,18222.5,18132.75,18162.0,795,18179.5,18204.5,18132.75,225
2023-11-26,18159.0,18160.0,18089.75,18098.25,360,,,,0
2023-11-27,18098.25,18240.25,18090.75,18148.25,1380,18149.75,18240.25,18121.25,390
2023-11-28,18148.5,18237.5,18096.25,18226.25,1380,18125.5,18222.5,18109.5,390
2023-11-29,18226.25,18359.5,18164.5,18206.0,1380,18298.25,18359.5,18164.5,390
2023-11-30,18206.25,18249.5,18007.0,18106.5,1380,18183.25,18202.5,18007.0,390
2023-12-01,18106.5,18201.0,18015.0,18181.25,1020,18084.25,18201.0,18015.0,390
2023-12-03,18173.0,18177.0,18117.5,18132.25,360,,,,0
2023-12-04,18132.0,18154.5,17872.25,17978.75,1380,18013.5,18036.75,17872.25,390
2023-12-05,17978.75,18140.75,17912.25,18130.5,1380,17942.25,18112.0,17934.25,390
2023-12-06,18130.5,18188.75,17950.75,17964.75,1380,18184.5,18188.75,17953.0,390
2023-12-07,17964.75,18217.0,17942.0,18177.75,1380,18085.25,18217.0,18038.5,390
2023-12-08,18177.75,18269.75,18039.25,18245.0,1020,18107.0,18269.75,18098.25,390
2023-12-10,18242.5,18264.0,18200.5,18204.75,360,,,,0
2023-12-11,18204.25,18426.25,18197.5,18410.5,1378,18230.75,18400.75,18222.75,390
2023-12-12,18410.5,18554.5,18337.75,18547.25,1380,18385.5,18521.0,18337.75,390
2023-12-13,18547.0,18826.25,18517.25,18816.5,1380,18550.75,18747.75,18517.25,390
2023-12-14,18817.0,18825.0,18569.25,18719.5,1380,18761.75,18818.5,18569.25,390
2023-12-15,18719.0,18828.5,18698.0,18756.25,1020,18728.75,18828.5,18703.75,390
2023-12-17,18761.5,18794.5,18743.5,18793.75,360,,,,0
2023-12-18,18793.5,18915.25,18749.25,18869.75,1380,18787.75,18915.25,18773.75,390
2023-12-19,18869.5,18987.0,18859.0,18982.25,1380,18893.5,18968.75,18885.75,390
2023-12-20,18982.0,19014.75,18699.75,18779.75,1380,18926.75,19014.75,18701.5,390
2023-12-21,18779.5,18911.5,18756.25,18854.0,1380,18863.5,18907.25,18756.25,390
2023-12-22,18854.25,18982.75,18832.75,18903.75,1020,18940.5,18982.75,18837.25,390
2023-12-25,18905.75,18970.0,18905.75,18963.25,360,,,,0
2023-12-26,18963.0,19052.5,18926.0,19023.75,1380,18950.75,19052.5,18946.75,390
2023-12-27,19023.75,19097.0,18996.75,19082.75,1380,19033.0,19069.0,18996.75,390
2023-12-28,19082.75,19106.5,19019.0,19034.0,1380,19089.75,19100.25,19019.0,390
2023-12-29,19034.25,19072.25,18879.5,18945.0,1020,19030.25,19048.75,18879.5,390
2024-01-01,18960.25,18979.75,18942.25,18949.0,360,,,,0
2024-01-02,18949.25,18978.0,18563.75,18636.0,1380,18803.25,18814.75,18563.75,390
2024-01-03,18636.25,18670.75,18463.25,18489.75,1380,18551.0,18594.75,18463.25,390
2024-01-04,18490.25,18528.5,18377.25,18383.5,1380,18394.5,18525.0,18377.25,390
2024-01-05,18383.5,18518.5,18275.5,18406.25,1020,18390.5,18518.5,18345.0,390
2024-01-07,18411.25,18441.5,18379.25,18389.75,360,,,,0
2024-01-08,18389.5,18752.5,18319.5,18722.75,1380,18453.25,18752.5,18446.75,390
2024-01-09,18723.0,18809.75,18599.0,18769.0,1379,18610.5,18809.75,18601.75,390
2024-01-10,18769.0,18950.75,18742.75,18939.0,1380,18781.25,18924.25,18742.75,390
2024-01-11,18939.0,18998.25,18694.25,18887.5,1380,18925.75,18984.75,18694.25,390
2024-01-12,18887.0,18983.75,18807.75,18896.5,1020,18949.25,18983.75,18854.75,390
2024-01-14,18903.0,18934.25,18880.0,18932.75,360,,,,0
2024-01-15,18932.75,18965.5,18823.0,18836.75,1140,18899.0,18920.25,18877.5,210
2024-01-16,18836.0,18975.0,18753.0,18863.0,1380,18858.0,18975.0,18796.25,390
2024-01-17,18862.75,18863.0,18630.5,18789.25,1380,18766.5,18826.25,18630.5,390
2024-01-18,18789.25,19119.75,18784.25,19110.5,1380,18938.25,19067.0,18883.75,390
2024-01-19,19110.5,19412.5,19089.0,19404.0,1020,19132.0,19389.25,19107.5,390
2024-01-21,19407.25,19510.25,19407.25,19493.75,360,,,,0
2024-01-22,19493.5,19526.25,19375.25,19415.25,1380,19470.0,19526.25,19375.25,390
2024-01-23,19415.75,19538.5,19350.75,19535.75,1380,19428.75,19480.25,19350.75,390
2024-01-24,19536.0,19734.75,19511.0,19551.0,1380,19633.75,19734.75,19545.25,390
2024-01-25,19550.75,19693.25,19424.75,19432.5,1380,19663.25,19693.25,19483.25,390
2024-01-26,19432.25,19573.25,19407.25,19446.0,1020,19499.0,19573.25,19444.75,390
2024-01-28,19443.25,19488.5,19398.75,19472.0,360,,,,0
2024-01-29,19472.5,19677.0,19461.0,19653.5,1380,19489.25,19657.5,19461.0,390
2024-01-30,19653.75,19670.0,19351.25,19390.75,1379,19603.0,19626.0,19489.5,390
2024-01-31,19390.75,19425.25,19162.75,19259.0,1380,19341.25,19425.25,19171.75,390
2024-02-01,19258.5,19588.0,19204.0,19547.75,1380,19248.25,19394.5,19205.25,390
2024-02-02,19548.0,19716.75,19406.75,19628.25,1011,19449.25,19716.75,19406.75,390
2024-02-04,19637.25,19669.5,19605.25,19625.5,360,,,,0
2024-02-05,19625.5,19686.75,19495.5,19679.75,1380,19664.0,19686.75,19495.5,390
2024-02-06,19680.25,19710.25,19502.0,19600.25,1380,19682.25,19709.0,19502.0,390
2024-02-07,19600.25,19816.75,19571.0,19792.0,1380,19714.75,19816.75,19660.0,390
2024-02-08,19792.25,19837.75,19733.5,19805.5,1379,19777.0,19837.75,19749.25,390
2024-02-09,19805.25,20012.25,19801.25,19979.5,1020,19850.25,20012.25,19816.25,390
2024-02-11,19981.25,19985.0,19944.25,19961.25,356,,,,0
2024-02-12,19960.5,20062.75,19852.5,19870.75,1377,19971.0,20062.75,19877.5,390
2024-02-13,19870.75,19904.5,19483.25,19625.0,1380,19569.25,19733.0,19483.25,390
2024-02-14,19625.0,19828.25,19623.75,19817.0,1380,19730.0,19828.25,19631.5,390
2024-02-15,19816.75,19909.5,19721.75,19880.25,1380,19829.25,19874.25,19721.75,390
2024-02-16,19879.75,19967.25,19656.25,19662.75,1020,19868.0,19871.25,19658.25,390
2024-02-18,19670.5,19744.75,19667.5,19719.75,360,,,,0
2024-02-19,19720.25,19748.75,19608.5,19621.75,1140,19730.5,19748.75,19713.75,210
2024-02-20,19623.0,19666.0,19393.75,19496.0,1380,19603.0,19665.25,19393.75,390
2024-02-21,19496.25,19743.25,19314.0,19739.25,1380,19436.5,19483.75,19314.0,390
2024-02-22,19739.5,20028.25,19724.5,19991.0,1380,19837.25,20028.25,19805.25,390
2024-02-23,19991.0,20086.0,19887.25,19902.0,1020,20046.75,20086.0,19887.25,390
2024-02-25,19902.75,19929.5,19863.25,19890.5,360,,,,0
2024-02-26,19890.25,20000.75,19870.25,19896.25,1380,19958.5,20000.75,19907.25,390
2024-02-27,19895.5,19981.5,19850.0,19942.0,1380,19959.75,19973.75,19850.0,390
2024-02-28,19942.25,19949.25,19787.5,19867.75,1380,19865.0,19916.25,19817.25,390
2024-02-29,19867.5,20073.25,19767.25,20060.25,1380,19971.5,20050.75,19839.5,390
2024-03-01,20060.75,20314.0,19970.75,20262.25,1020,20037.75,20314.0,20035.0,390
2024-03-03,20277.25,20306.75,20267.75,20290.0,360,,,,0
2024-03-04,20290.25,20319.0,20126.75,20149.25,1380,20271.25,20287.75,20193.5,390
2024-03-05,20150.0,20150.25,19773.75,19922.75,1380,20075.25,20076.5,19773.75,390
2024-03-06,19922.75,20115.5,19873.5,19914.5,1380,20045.5,20115.5,19904.75,390
2024-03-07,19914.75,20301.25,19857.0,20224.25,1380,20123.5,20301.25,20060.0,390
2024-03-08,20225.25,20377.75,19953.75,19997.25,1020,20262.25,20377.75,19953.75,390
2024-03-10,19995.25,20003.5,19915.5,19934.5,360,,,,0
2024-03-11,19934.25,20005.75,19831.75,19992.5,1380,19918.75,19965.0,19831.75,390
2024-03-12,19992.75,20184.75,19867.75,20149.75,1380,20005.0,20184.75,19867.75,390
2024-03-13,20150.25,20200.5,19975.5,20065.5,1380,20122.25,20123.5,19975.5,390
2024-03-14,20065.5,20122.0,19855.0,19938.5,1380,20069.0,20091.75,19855.0,390
2024-03-15,19938.25,20016.5,19700.0,19757.25,1020,19846.25,19868.25,19700.0,390
2024-03-17,19767.25,19820.75,19756.0,19819.0,360,,,,0
2024-03-18,19819.0,20074.75,19816.25,19873.25,1380,19978.0,20074.75,19912.75,390
2024-03-19,19873.75,19983.0,19747.0,19940.0,1380,19837.0,19983.0,19747.0,390
2024-03-20,19939.5,20290.25,19927.75,20286.0,1380,20011.75,20191.5,19938.5,390
2024-03-21,20286.25,20402.75,20225.75,20247.0,1380,20381.5,20402.75,20246.25,390
2024-03-22,20246.75,20319.75,20185.75,20257.5,1020,20231.25,20319.75,20193.75,390
2024-03-24,20260.75,20295.0,20246.5,20270.0,360,,,,0
2024-03-25,20269.75,20270.25,20108.5,20217.0,1380,20153.0,20265.5,20108.5,390
2024-03-26,20217.5,20312.75,20133.0,20191.0,1380,20262.5,20302.25,20133.0,390
2024-03-27,20190.5,20265.5,20072.25,20188.25,1379,20260.25,20265.5,20072.25,390
2024-03-28,20187.5,20232.5,20141.25,20158.75,1020,20194.0,20232.5,20142.5,390
2024-03-31,20196.75,20305.75,20194.25,20278.25,360,,,,0
2024-04-01,20278.25,20300.75,20108.25,20172.75,1380,20194.25,20300.75,20108.25,390
2024-04-02,20173.0,20204.75,19895.25,20003.75,1380,19981.0,20040.75,19895.25,390
2024-04-03,20003.75,20178.75,19926.25,20147.0,1380,19934.25,20145.5,19933.25,390
2024-04-04,20147.0,20261.75,19747.0,19803.75,1380,20235.0,20261.75,19763.0,390
2024-04-05,19803.5,20102.0,19745.25,20004.75,1020,19832.75,20102.0,19796.25,390
2024-04-07,20042.0,20066.0,19964.0,19979.25,360,,,,0
2024-04-08,19979.5,20069.75,19931.25,19997.25,1380,20024.0,20069.75,19931.25,390
2024-04-09,19997.25,20101.0,19854.5,20072.0,1380,20085.0,20098.75,19854.5,390
2024-04-10,20072.75,20168.0,19747.25,19892.75,1379,19833.75,19927.75,19801.5,390
2024-04-11,19892.75,20212.5,19781.75,20182.75,1380,19959.0,20212.5,19863.25,390
2024-04-12,20182.0,20201.5,19814.0,19866.25,1019,19990.5,20037.0,19814.0,390
2024-04-14,19844.75,19948.75,19840.5,19924.5,360,,,,0
2024-04-15,19924.75,20044.5,19489.5,19540.25,1380,20029.0,20032.75,19535.25,390
2024-04-16,19540.75,19681.75,19485.75,19622.75,1380,19562.0,19681.75,19511.75,390
2024-04-17,19623.25,19662.25,19309.0,19423.5,1380,19651.0,19653.25,19309.0,390
2024-04-18,19423.75,19464.5,18875.5,19031.5,1380,19366.75,19439.75,19215.25,390
2024-04-19,19032.25,19247.0,18807.0,18873.0,1020,19188.25,19210.75,18807.0,390
2024-04-21,18922.0,18966.75,18889.5,18933.5,360,,,,0
2024-04-22,18933.5,19141.75,18842.25,19025.0,1380,18982.5,19141.75,18842.25,390
2024-04-23,19025.75,19439.0,19011.25,19427.0,1380,19122.0,19351.0,19107.5,390
2024-04-24,19426.5,19489.25,19131.25,19154.0,1380,19426.75,19489.25,19261.0,390
2024-04-25,19153.75,19521.25,19002.0,19463.25,1380,19048.25,19298.75,19002.0,390
2024-04-26,19463.25,19595.25,19362.0,19530.5,1020,19391.0,19595.25,19362.0,390
2024-04-28,19558.5,19606.75,19547.0,19594.5,360,,,,0
2024-04-29,19595.0,19642.75,19485.0,19605.0,1380,19615.25,19642.75,19485.0,390
2024-04-30,19604.5,19605.5,19147.5,19220.5,1380,19529.5,19589.0,19257.25,390
2024-05-01,19219.75,19487.0,19093.0,19242.75,1380,19194.5,19487.0,19093.0,390
2024-05-02,19243.0,19502.0,19080.0,19456.75,1379,19276.75,19379.25,19080.0,390
2024-05-03,19456.5,19744.0,19413.25,19719.25,1020,19651.25,19744.0,19587.5,390
2024-05-05,19741.25,19757.5,19688.75,19699.25,360,,,,0
2024-05-06,19699.75,19895.0,19677.5,19882.0,1380,19768.0,19892.0,19736.5,390
2024-05-07,19882.0,19960.0,19844.75,19888.25,1378,19905.0,19960.0,19860.25,390
2024-05-08,19887.75,19936.0,19766.25,19853.5,1378,19777.25,19936.0,19772.25,390
2024-05-09,19853.0,19938.5,19797.5,19911.25,1379,19880.5,19933.0,19802.5,390
2024-05-10,19910.75,20041.75,19882.25,19933.0,1020,19968.0,20041.75,19882.25,390
2024-05-12,19931.75,19973.25,19922.5,19972.0,360,,,,0
2024-05-13,19971.75,20030.0,19928.75,19959.75,1380,20025.5,20030.0,19928.75,390
2024-05-14,19959.75,20132.0,19859.25,20117.5,1380,19968.0,20126.75,19959.25,390
2024-05-15,20117.25,20432.5,20086.75,20426.25,1380,20203.25,20400.75,20140.5,390
2024-05-16,20426.5,20454.5,20327.0,20343.75,1379,20372.5,20454.5,20337.5,390
2024-05-17,20344.5,20380.5,20238.75,20327.5,1020,20345.5,20370.75,20238.75,390
2024-05-19,20327.25,20373.0,20326.75,20363.5,360,,,,0
2024-05-20,20363.5,20488.25,20329.0,20445.0,1378,20336.25,20488.25,20329.0,390
2024-05-21,20445.0,20517.75,20371.75,20503.75,1380,20379.75,20502.5,20371.75,390
2024-05-22,20503.75,20659.5,20378.0,20655.25,1380,20501.5,20532.5,20378.0,390
2024-05-23,20656.25,20717.0,20315.25,20404.5,1380,20675.75,20676.25,20315.25,390
2024-05-24,20405.0,20619.75,20376.5,20564.5,1020,20456.0,20619.75,20426.25,390
2024-05-26,20568.5,20580.25,20527.25,20544.5,360,,,,0
2024-05-27,20544.5,20649.75,20542.0,20621.0,1140,20572.75,20649.75,20569.75,210
2024-05-28,20621.0,20674.25,20513.25,20580.25,1380,20614.0,20639.25,20513.25,390
2024-05-29,20580.5,20594.25,20370.5,20379.75,1380,20459.0,20573.5,20454.75,390
2024-05-30,20380.0,20480.75,20196.25,20255.5,1380,20458.5,20463.25,20240.0,390
2024-05-31,20255.75,20362.0,19935.0,20264.5,1020,20295.75,20325.25,19935.0,390
2024-06-02,20284.0,20347.25,20233.0,20336.0,360,,,,0
2024-06-03,20335.5,20449.25,20129.5,20348.25,1380,20406.75,20449.25,20129.5,390
2024-06-04,20347.75,20459.75,20205.0,20452.0,1380,20331.5,20447.0,20261.5,390
2024-06-05,20451.5,20805.0,20396.75,20793.75,1380,20542.5,20773.25,20493.75,390
2024-06-06,20793.25,20818.25,20711.0,20776.0,1379,20796.5,20809.5,20711.0,390
2024-06-07,20776.25,20848.75,20633.75,20724.0,1020,20734.5,20848.75,20686.25,390
2024-06-09,20718.75,20753.5,20702.75,20736.25,360,,,,0
2024-06-10,20737.0,20823.5,20668.0,20784.25,1379,20682.5,20823.5,20671.5,390
2024-06-11,20784.75,20963.5,20688.25,20960.5,1380,20751.75,20941.25,20688.25,390
2024-06-12,20960.5,21331.75,20934.0,21331.0,1380,21095.75,21282.5,21068.5,390
2024-06-13,21330.25,21384.75,21193.75,21334.0,1380,21330.5,21357.25,21193.75,390
2024-06-14,21333.75,21393.25,21195.25,21390.0,1020,21271.5,21386.25,21251.0,390
2024-06-16,21387.75,21419.25,21363.25,21393.75,358,,,,0
2024-06-17,21394.0,21704.25,21337.0,21617.0,1380,21391.0,21704.25,21337.0,390
2024-06-18,21616.75,21703.5,21560.0,21652.75,1380,21624.5,21662.5,21560.0,390
2024-06-19,21653.0,21726.5,21646.75,21723.25,1140,21675.75,21685.5,21656.5,210
2024-06-20,21723.0,21804.0,21391.25,21486.75,1380,21678.75,21696.25,21391.25,390
2024-06-21,21486.75,21519.0,21347.25,21442.75,1020,21450.0,21505.75,21347.25,390
2024-06-23,21442.0,21463.25,21351.5,21396.25,357,,,,0
2024-06-24,21396.25,21463.0,21161.0,21227.25,1380,21355.5,21428.5,21173.5,390
2024-06-25,21227.0,21441.5,21159.0,21423.75,1380,21263.0,21414.25,21225.25,390
2024-06-26,21423.5,21503.5,21307.25,21344.5,1380,21362.25,21461.0,21345.0,390
2024-06-27,21345.0,21573.25,21342.75,21563.75,1380,21423.5,21549.75,21387.0,390
2024-06-28,21564.0,21706.25,21339.25,21399.5,1020,21503.5,21706.25,21339.25,390
2024-06-30,21403.0,21438.0,21364.5,21429.25,360,,,,0
2024-07-01,21428.75,21507.0,21244.75,21414.25,1380,21404.75,21507.0,21244.75,390
2024-07-02,21415.0,21692.25,21343.0,21668.25,1380,21415.0,21692.25,21409.75,390
2024-07-03,21668.75,21868.25,21638.0,21836.5,1153,21649.25,21868.25,21649.0,225
2024-07-04,21837.0,21852.0,21794.0,21846.5,1138,21838.25,21839.25,21802.75,210
2024-07-05,21847.0,22072.5,21806.0,22024.5,1020,21874.5,22072.5,21861.25,390
2024-07-07,22024.5,22051.0,22012.25,22031.0,360,,,,0
2024-07-08,22030.25,22181.75,22016.0,22167.25,1379,22065.5,22121.0,22021.0,390
2024-07-09,22167.25,22204.75,22048.75,22142.75,1380,22156.25,22204.75,22048.75,390
2024-07-10,22142.5,22349.75,22129.25,22316.75,1380,22191.0,22349.75,22136.0,390
2024-07-11,22316.5,22416.75,21810.25,21853.5,1380,22327.75,22335.25,21810.25,390
2024-07-12,21853.25,22174.0,21768.0,21973.0,1020,21877.0,22174.0,21858.25,390
2024-07-14,22013.0,22023.0,21941.0,22008.75,360,,,,0
2024-07-15,22008.5,22230.0,21939.25,22080.5,1380,22043.0,22230.0,21939.25,390
2024-07-16,22080.75,22117.5,21897.5,21968.25,1380,22082.25,22117.5,21897.5,390
2024-07-17,21968.5,21971.0,21398.75,21484.0,1380,21693.25,21714.5,21420.75,390
2024-07-18,21484.25,21595.5,21191.75,21388.75,1380,21574.0,21582.25,21191.75,390
2024-07-19,21389.0,21412.75,21087.0,21134.5,1010,21302.0,21409.5,21087.0,380
2024-07-21,21182.0,21275.0,21151.75,21210.25,360,,,,0
2024-07-22,21211.0,21477.75,21173.75,21366.0,1380,21387.75,21477.75,21242.75,390
2024-07-23,21366.25,21517.75,21219.25,21231.5,1380,21390.75,21517.75,21337.0,390
2024-07-24,21231.75,21234.0,20601.75,20700.5,1380,21072.0,21086.75,20601.75,390
2024-07-25,20700.75,20823.5,20316.25,20506.25,1375,20650.5,20823.5,20316.25,385
2024-07-26,20506.5,20730.75,20473.25,20608.75,1020,20596.0,20730.75,20473.25,390
2024-07-28,20604.75,20763.0,20600.75,20735.75,360,,,,0
2024-07-29,20735.75,20810.25,20509.0,20563.0,1378,20718.0,20810.25,20546.25,390
2024-07-30,20564.0,20752.75,20158.0,20567.25,1380,20721.0,20752.75,20236.0,390
2024-07-31,20568.25,21150.0,20528.0,21117.25,1380,20805.5,21006.25,20743.75,390
2024-08-01,21117.5,21125.75,20119.0,20220.25,1380,20958.25,21115.0,20301.25,390
2024-08-02,20223.5,20235.75,19818.75,19946.25,1012,20083.5,20194.0,19818.75,382
2024-08-04,19823.0,19823.0,19455.5,19460.25,360,,,,0
2024-08-05,19458.75,19870.0,18784.0,19825.25,1378,18995.0,19722.0,18942.25,388
2024-08-06,19825.5,19916.25,19399.0,19817.5,1380,19511.0,19916.25,19399.0,390
2024-08-07,19820.5,19991.5,19174.75,19453.75,1380,19886.25,19991.5,19384.75,390
2024-08-08,19455.0,20050.0,19312.0,19998.25,1380,19657.5,19988.25,19497.25,390
2024-08-09,19998.0,20107.5,19816.0,20035.5,1020,19884.0,20107.5,19837.5,390
2024-08-11,20023.0,20100.0,19948.0,20070.25,360,,,,0
2024-08-12,20069.75,20198.25,19956.5,20103.0,1380,20074.25,20198.25,19956.5,390
2024-08-13,20103.25,20586.25,20080.5,20541.5,1380,20254.75,20545.5,20249.25,390
2024-08-14,20541.25,20657.75,20358.5,20647.0,1380,20570.25,20636.5,20358.5,390
2024-08-15,20648.0,21077.5,20537.75,21068.0,1380,20784.75,21036.25,20769.25,390
2024-08-16,21066.75,21116.0,20880.5,21037.0,1020,20936.5,21093.75,20895.5,390
2024-08-18,21062.0,21121.0,21047.5,21079.0,359,,,,0
2024-08-19,21079.25,21347.5,20958.25,21309.75,1380,21037.5,21294.25,20962.0,390
2024-08-20,21308.75,21364.0,21176.0,21265.5,1379,21250.75,21358.0,21176.0,390
2024-08-21,21265.5,21414.75,21204.5,21315.5,1380,21275.0,21414.75,21204.5,390
2024-08-22,21315.5,21458.25,20975.0,21099.5,1380,21430.25,21458.25,20975.0,390
2024-08-23,21099.5,21337.25,21024.75,21209.75,1020,21189.0,21337.25,21024.75,390
2024-08-25,21220.75,21265.5,21149.25,21195.75,360,,,,0
2024-08-26,21196.25,21279.25,20938.5,21028.25,1379,21196.0,21234.5,20938.5,390
2024-08-27,21029.25,21127.25,20874.5,21051.75,1380,20956.5,21127.25,20874.5,390
2024-08-28,21052.5,21124.0,20573.25,20707.25,1380,21058.75,21089.5,20711.5,390
2024-08-29,20708.75,21126.5,20707.0,20886.25,1380,20931.0,21126.5,20770.0,390
2024-08-30,20886.25,21065.75,20803.5,21027.5,1020,20992.25,21065.75,20803.5,390
2024-09-01,21032.0,21061.0,21002.0,21023.5,360,,,,0
2024-09-02,21022.25,21116.0,20944.0,20994.25,1140,21051.75,21103.25,21020.5,210
2024-09-03,20994.75,21077.75,20258.75,20314.5,1379,20910.5,20916.25,20344.0,390
2024-09-04,20314.75,20547.75,20263.25,20338.5,1380,20311.25,20547.75,20271.25,390
2024-09-05,20338.0,20583.5,20224.0,20303.5,1380,20319.75,20583.5,20275.0,390
2024-09-06,20304.0,20405.25,19772.75,19810.5,1020,20362.75,20400.25,19863.25,390
2024-09-08,19833.0,19975.0,19819.0,19972.0,360,,,,0
2024-09-09,19971.25,20174.0,19930.25,20085.75,1380,20061.75,20163.0,19930.25,390
2024-09-10,20085.5,20311.5,20015.25,20184.5,1380,20191.0,20311.5,20022.75,390
2024-09-11,20183.0,20743.5,19980.0,20741.25,1380,20335.25,20726.5,19980.0,390
2024-09-12,20741.0,20916.5,20618.0,20883.0,1380,20691.75,20916.5,20618.0,390
2024-09-13,20884.5,21010.25,20831.25,20936.5,1019,20842.25,21010.25,20831.25,390
2024-09-15,20931.0,20982.0,20912.5,20965.75,357,,,,0
2024-09-16,20965.5,20979.5,20727.0,20845.0,1375,20868.75,20895.5,20727.0,390
2024-09-17,20845.25,21048.25,20772.5,20885.0,1379,20993.0,21048.25,20772.5,390
2024-09-18,20885.0,21098.0,20756.0,21062.75,1380,20928.5,21098.0,20756.0,390
2024-09-19,21063.25,21399.75,21040.75,21249.25,1377,21250.25,21399.75,21162.0,387
2024-09-20,21249.5,21282.0,21058.0,21213.5,1020,21233.75,21282.0,21058.0,390
2024-09-22,21238.0,21362.0,21194.25,21343.5,360,,,,0
2024-09-23,21343.5,21355.75,21153.25,21248.25,1380,21275.25,21324.75,21216.75,390
2024-09-24,21248.25,21412.75,21151.0,21325.75,1380,21333.0,21412.75,21151.0,390
2024-09-25,21326.25,21568.5,21262.25,21561.5,1380,21339.0,21469.0,21333.5,390
2024-09-26,21562.25,21736.0,21386.0,21517.5,1380,21701.5,21715.5,21386.0,390
2024-09-27,21518.75,21593.75,21371.0,21391.0,1020,21575.5,21581.0,21371.0,390
2024-09-29,21396.5,21485.0,21351.5,21417.75,360,,,,0
2024-09-30,21417.75,21529.75,21254.0,21482.5,1380,21377.5,21484.75,21254.0,390
2024-10-01,21482.25,21522.75,21016.0,21182.75,1380,21450.0,21464.0,21016.0,390
2024-10-02,21183.25,21288.25,21031.5,21148.0,1380,21141.0,21288.25,21031.5,390
2024-10-03,21148.0,21311.75,21050.0,21210.5,1380,21110.0,21311.75,21077.0,390
2024-10-04,21210.25,21461.75,21169.75,21400.25,1020,21425.25,21443.5,21211.25,390
2024-10-06,21418.0,21465.25,21399.25,21417.5,360,,,,0
2024-10-07,21417.0,21432.25,21100.5,21182.75,1380,21335.0,21385.25,21146.0,390
2024-10-08,21183.0,21527.5,21140.5,21435.5,1380,21301.5,21527.5,21267.75,390
2024-10-09,21435.0,21680.75,21394.0,21669.0,1380,21480.0,21680.75,21436.5,390
2024-10-10,21668.0,21706.25,21499.5,21653.0,1380,21557.25,21706.25,21499.5,390
2024-10-11,21654.0,21692.25,21512.75,21611.25,1020,21538.25,21692.25,21512.75,390
2024-10-13,21630.5,21648.75,21581.25,21606.0,360,,,,0
2024-10-14,21606.0,21878.0,21601.25,21831.5,1380,21748.5,21878.0,21723.0,390
2024-10-15,21831.5,21857.25,21452.0,21585.75,1380,21829.75,21857.25,21452.0,390
2024-10-16,21585.75,21596.5,21404.25,21495.5,1379,21551.25,21577.25,21404.25,390
2024-10-17,21495.0,21792.75,21486.0,21560.0,1380,21771.25,21774.0,21551.75,390
2024-10-18,21560.25,21727.75,21556.75,21682.25,1020,21664.25,21727.75,21631.0,390
2024-10-20,21694.25,21724.0,21673.75,21678.25,360,,,,0
2024-10-21,21678.0,21752.5,21541.75,21665.5,1380,21625.75,21752.5,21543.0,390
2024-10-22,21666.0,21800.25,21558.25,21709.75,1379,21600.5,21800.25,21567.5,390
2024-10-23,21709.75,21740.5,21277.0,21518.25,1380,21633.0,21660.75,21277.0,390
2024-10-24,21518.0,21626.5,21459.75,21573.0,1380,21570.5,21606.5,21459.75,390
2024-10-25,21573.25,21905.25,21562.75,21674.0,1020,21689.25,21905.25,21658.0,390
2024-10-27,21723.5,21847.0,21723.25,21812.25,360,,,,0
2024-10-28,21810.5,21874.5,21654.0,21659.5,1380,21823.25,21824.75,21684.0,390
2024-10-29,21659.25,21986.5,21630.25,21927.5,1380,21709.0,21944.5,21630.25,390
2024-10-30,21926.5,21963.0,21599.0,21619.75,1380,21859.25,21897.5,21712.75,390
2024-10-31,21620.25,21622.75,21206.5,21285.0,1380,21564.0,21567.25,21207.25,390
2024-11-01,21285.25,21486.0,21253.25,21368.25,1020,21267.0,21486.0,21255.5,390
2024-11-03,21336.0,21446.5,21268.5,21432.0,360,,,,0
2024-11-04,21431.75,21445.75,21211.0,21283.25,1380,21318.25,21424.75,21211.0,390
2024-11-05,21283.25,21838.5,21282.75,21795.25,1380,21350.25,21570.75,21345.0,390
2024-11-06,21794.25,22133.25,21655.75,22119.75,1380,21882.75,22129.0,21842.0,390
2024-11-07,22120.0,22451.0,22106.25,22422.25,1380,22204.5,22451.0,22202.0,390
2024-11-08,22422.75,22463.0,22319.75,22424.75,1020,22383.5,22463.0,22359.25,390
2024-11-10,22447.75,22518.0,22447.0,22485.75,360,,,,0
2024-11-11,22485.5,22538.75,22296.25,22420.75,1380,22481.0,22490.75,22296.25,390
2024-11-12,22420.5,22449.75,22252.75,22338.0,1380,22412.25,22449.75,22252.75,390
2024-11-13,22338.25,22466.5,22254.5,22336.5,1380,22356.75,22466.5,22254.5,390
2024-11-14,22337.0,22388.25,22082.25,22116.75,1380,22335.75,22372.75,22169.25,390
2024-11-15,22117.0,22127.0,21603.25,21701.25,1020,21956.75,21971.75,21603.25,390
2024-11-17,21702.0,21855.0,21674.0,21847.0,360,,,,0
2024-11-18,21846.75,21922.25,21679.5,21880.0,1380,21755.0,21922.25,21699.0,390
2024-11-19,21880.75,22032.25,21580.5,21999.75,1380,21719.75,21990.5,21706.0,390
2024-11-20,22000.5,22041.25,21675.0,21875.25,1380,21951.25,21962.5,21675.0,390
2024-11-21,21875.25,22103.75,21712.25,22006.75,1380,22074.0,22103.75,21712.25,390
2024-11-22,22007.75,22078.0,21891.25,22076.75,1020,21989.25,22078.0,21920.25,390
2024-11-24,22133.0,22168.5,22126.5,22163.25,360,,,,0
2024-11-25,22163.25,22279.0,21953.0,22099.5,1379,22214.5,22279.0,21978.25,390
2024-11-26,22099.0,22222.75,22050.0,22164.25,1380,22136.75,22222.75,22101.75,390
2024-11-27,22164.75,22188.0,21873.0,22053.0,1380,22134.25,22137.5,21873.0,390
2024-11-28,22053.0,22135.75,22020.75,22129.75,1140,22072.0,22107.5,22072.0,210
2024-11-29,22130.25,22215.5,22003.5,22189.25,795,22028.5,22215.5,22003.5,225
2024-12-01,22193.25,22202.0,22139.75,22155.0,360,,,,0
2024-12-02,22155.5,22457.75,22138.0,22423.0,1380,22240.75,22457.75,22224.5,390
2024-12-03,22422.75,22552.5,22332.25,22549.5,1379,22356.0,22487.75,22332.25,390
2024-12-04,22549.5,22746.5,22535.75,22708.0,1380,22615.5,22746.5,22586.25,390
2024-12-05,22708.75,22765.25,22622.75,22670.5,1380,22733.5,22765.25,22657.0,390
2024-12-06,22670.5,22867.25,22638.25,22832.0,1020,22689.5,22867.25,22684.0,390
2024-12-08,22847.0,22868.75,22824.75,22836.75,360,,,,0
2024-12-09,22837.0,22904.25,22634.0,22666.5,1380,22813.0,22846.75,22634.0,390
2024-12-10,22666.25,22804.75,22550.75,22629.0,1380,22730.75,22804.75,22550.75,390
2024-12-11,22629.0,23018.0,22603.75,22959.0,1380,22788.0,23018.0,22771.0,390
2024-12-12,22959.5,22970.5,22802.25,22916.25,1379,22891.75,22943.0,22822.75,390
2024-12-13,22916.5,23106.0,22864.5,22958.5,1020,22993.25,23106.0,22864.5,390
2024-12-15,22974.0,23022.75,22962.5,23003.75,358,,,,0
2024-12-16,23003.5,23362.0,22988.0,23326.5,1376,23106.25,23362.0,23103.75,390
2024-12-17,23327.5,23337.5,23118.0,23247.5,1379,23247.5,23298.0,23156.25,390
2024-12-18,23247.0,23299.75,22223.0,22397.0,1380,23192.5,23263.75,22342.0,390
2024-12-19,22396.5,22609.75,22116.0,22159.5,1380,22589.0,22609.75,22275.0,390
2024-12-20,22159.75,22724.25,21918.5,22464.5,1020,22123.25,22724.25,22072.5,390
2024-12-22,22478.0,22620.75,22477.75,22618.25,360,,,,0
2024-12-23,22617.75,22688.75,22388.75,22663.5,1380,22531.5,22688.75,22388.75,390
2024-12-24,22663.0,22961.75,22650.25,22958.5,795,22738.25,22961.75,22711.25,225
2024-12-25,22961.5,23023.25,22955.25,22998.25,360,,,,0
2024-12-26,22998.5,23010.0,22782.25,22858.5,1379,22873.5,22988.25,22782.25,390
2024-12-27,22859.5,22878.0,22410.75,22631.75,1020,22758.0,22775.0,22410.75,390
2024-12-29,22623.0,22654.75,22582.5,22600.75,360,,,,0
2024-12-30,22600.25,22602.75,22165.0,22322.25,1380,22321.0,22483.0,22165.0,390
2024-12-31,22322.25,22436.75,22094.0,22146.25,1020,22368.0,22400.5,22094.0,390
2025-01-01,22181.0,22251.75,22033.75,22236.0,360,,,,0
2025-01-02,22236.75,22402.5,21895.75,22135.75,1379,22259.75,22356.0,21895.75,390
2025-01-03,22137.0,22471.25,22119.5,22405.0,1020,22205.75,22471.25,22173.5,390
2025-01-05,22444.25,22456.75,22390.25,22435.0,360,,,,0
2025-01-06,22435.25,22808.75,22432.5,22632.5,1380,22644.75,22808.75,22559.75,390
2025-01-07,22632.25,22718.0,22191.5,22305.75,1380,22704.0,22718.0,22191.5,390
2025-01-08,22305.75,22360.25,22078.25,22222.75,1380,22267.5,22343.75,22078.25,390
2025-01-09,22222.25,22246.5,22091.5,22214.0,930,,,,0
2025-01-10,22214.75,22284.5,21786.75,21909.75,1020,22105.5,22109.25,21786.75,390
2025-01-12,21939.5,21949.0,21770.5,21810.5,360,,,,0
2025-01-13,21809.5,22000.5,21606.0,21955.0,1380,21677.75,21876.5,21614.0,390
2025-01-14,21955.75,22055.75,21685.5,21857.0,1380,21983.5,22041.75,21685.5,390
2025-01-15,21856.5,22364.75,21821.0,22301.25,1380,22163.25,22364.75,22098.75,390
2025-01-16,22302.0,22479.25,22084.25,22201.0,1380,22406.5,22410.0,22155.5,390
2025-01-17,22201.5,22594.5,22163.75,22501.0,1020,22560.0,22584.0,22393.25,390
2025-01-19,22512.0,22530.0,22438.5,22477.0,360,,,,0
2025-01-20,22477.0,22690.75,22289.75,22516.25,1140,22635.75,22690.75,22532.0,210
2025-01-21,22519.75,22788.75,22437.75,22781.25,1380,22623.25,22684.0,22437.75,390
2025-01-22,22781.0,23005.5,22751.5,22875.75,1380,22826.25,23005.5,22814.5,390
2025-01-23,22875.5,22970.5,22775.0,22907.5,1362,22800.75,22955.75,22778.0,390
2025-01-24,22907.25,22990.25,22756.0,22819.75,1020,22956.0,22990.25,22756.0,390
2025-01-26,22683.0,22683.0,22385.5,22409.25,360,,,,0
2025-01-27,22409.25,22418.75,21675.75,22214.0,1380,22036.75,22330.5,22007.0,390
2025-01-28,22212.75,22538.0,22071.5,22508.0,1380,22214.75,22538.0,22071.5,390
2025-01-29,22509.0,22609.0,22279.0,22572.0,1380,22512.0,22518.25,22279.0,390
2025-01-30,22572.0,22699.75,22331.5,22641.75,1380,22562.0,22660.75,22331.5,390
2025-01-31,22642.75,22878.0,22445.75,22483.0,1020,22686.5,22878.0,22447.75,390
2025-02-02,22112.0,22112.0,21855.0,21930.5,360,,,,0
2025-02-03,21931.0,22512.0,21910.25,22361.25,1380,22127.5,22431.75,22025.25,390
2025-02-04,22361.25,22606.0,22154.5,22473.5,1380,22333.25,22606.0,22317.25,390
2025-02-05,22473.75,22718.25,22341.75,22716.5,1380,22462.75,22681.0,22413.0,390
2025-02-06,22716.5,22811.25,22617.75,22769.0,1380,22689.5,22794.25,22623.5,390
2025-02-07,22769.0,22880.0,22464.75,22487.25,1020,22798.0,22880.0,22464.75,390
2025-02-09,22375.25,22614.5,22330.0,22595.75,360,,,,0
2025-02-10,22597.0,22806.0,22595.0,22694.25,1380,22676.25,22806.0,22656.0,390
2025-02-11,22696.25,22783.5,22581.5,22694.5,1380,22617.5,22783.5,22612.75,390
2025-02-12,22694.75,22839.0,22422.75,22818.75,1379,22462.75,22751.0,22448.25,390
2025-02-13,22818.75,23059.0,22665.0,23054.5,1380,22782.0,23036.0,22746.75,390
2025-02-14,23054.25,23137.0,22954.5,23115.5,1020,23020.0,23137.0,23002.0,390
2025-02-16,23147.75,23190.25,23108.25,23188.25,360,,,,0
2025-02-17,23188.0,23193.75,23104.5,23180.0,1140,23153.25,23163.75,23104.5,210
2025-02-18,23180.5,23231.75,23014.75,23179.0,1380,23169.75,23180.0,23014.75,390
2025-02-19,23179.75,23211.75,23030.0,23088.0,1380,23119.25,23211.75,23030.0,390
2025-02-20,23088.5,23137.5,22863.0,23036.25,1380,23121.5,23137.5,22863.0,390
2025-02-21,23036.25,23157.5,22564.75,22572.0,1020,23097.75,23100.0,22574.5,390
2025-02-23,22612.75,22708.25,22588.75,22687.25,360,,,,0
2025-02-24,22688.0,22725.0,22278.5,22333.25,1379,22664.5,22713.75,22320.75,390
2025-02-25,22336.25,22363.75,21902.0,22164.25,1380,22303.0,22309.5,21902.0,390
2025-02-26,22164.25,22321.25,21967.0,22083.25,1380,22150.75,22321.25,21976.5,390
2025-02-27,22083.25,22298.5,21427.5,21529.0,1380,22252.75,22293.0,21509.75,390
2025-02-28,21528.75,21856.25,21372.5,21821.0,1020,21502.25,21856.25,21372.5,390
2025-03-02,21917.25,21948.25,21749.75,21863.75,360,,,,0
2025-03-03,21863.5,22033.0,21228.75,21441.75,1380,21967.5,22033.0,21228.75,390
2025-03-04,21442.25,21644.5,20987.25,21449.5,1380,21254.5,21644.5,20987.25,390
2025-03-05,21449.75,21637.0,21127.0,21549.75,1380,21332.75,21637.0,21127.0,390
2025-03-06,21549.5,21559.5,20915.0,21095.75,1380,21222.5,21425.25,20915.0,390
2025-03-07,21096.25,21198.25,20677.5,21119.25,1020,20949.5,21198.25,20677.5,390
2025-03-09,21059.0,21068.5,20844.25,21038.0,360,,,,0
2025-03-10,21037.75,21064.5,20051.25,20348.75,1380,20793.0,20816.5,20184.25,390
2025-03-11,20346.75,20598.75,20113.0,20363.0,1380,20333.5,20598.75,20113.0,390
2025-03-12,20363.25,20700.75,20299.0,20432.25,1380,20608.5,20689.75,20307.25,390
2025-03-13,20430.5,20543.0,20082.0,20362.25,1380,20483.75,20489.0,20082.0,390
2025-03-14,20361.5,20654.5,20282.0,20579.5,1020,20376.75,20654.5,20348.75,390
2025-03-16,20594.0,20602.0,20465.5,20503.75,360,,,,0
2025-03-17,20503.25,20876.25,20472.75,20649.5,1380,20619.5,20876.25,20541.5,390
2025-03-18,20648.75,20747.0,20312.75,20471.75,1380,20606.5,20608.75,20312.75,390
2025-03-19,20471.25,20851.5,20368.5,20792.0,1380,20497.5,20851.5,20414.75,390
2025-03-20,20792.0,20813.5,20443.75,20583.0,1380,20495.0,20813.5,20464.5,390
2025-03-21,20582.5,20686.0,20310.75,20679.25,1020,20366.75,20682.5,20316.0,390
2025-03-23,20759.0,20847.5,20759.0,20813.25,360,,,,0
2025-03-24,20812.5,21118.0,20804.5,21047.25,1380,20964.75,21118.0,20937.75,390
2025-03-25,21047.25,21245.25,21001.5,21187.75,1378,21109.75,21203.75,21070.25,390
2025-03-26,21188.25,21206.75,20711.75,20842.0,1380,21147.5,21183.5,20753.5,390
2025-03-27,20843.0,20908.0,20639.75,20697.75,1380,20737.0,20908.0,20645.75,390
2025-03-28,20697.25,20717.25,20066.0,20069.5,1020,20619.75,20650.0,20130.0,390
2025-03-30,20028.25,20073.5,19868.5,19908.5,360,,,,0
2025-03-31,19908.25,20198.25,19685.25,20070.0,1380,19875.5,20198.25,19685.25,390
2025-04-01,20069.0,20405.5,19969.75,20277.0,1380,20089.0,20352.5,19969.75,390
2025-04-02,20276.25,20752.75,19527.5,19813.5,1377,20036.5,20598.75,20025.0,390
2025-04-03,19813.5,19885.5,19228.5,19269.5,1380,19632.0,19782.75,19373.25,390
2025-04-04,19269.75,19384.25,18096.0,18191.75,1020,18863.0,18957.25,18237.0,390
2025-04-06,17808.5,17808.5,17168.5,17518.5,360,,,,0
2025-04-07,17517.75,19070.0,17188.5,18479.75,1380,17633.5,19070.0,17382.0,390
2025-04-08,18481.5,19065.75,17548.0,17637.75,1380,18859.0,19065.75,17682.0,390
2025-04-09,17638.75,20095.25,17443.5,19723.5,1380,17917.0,20095.25,17910.75,390
2025-04-10,19723.0,19895.0,18627.5,19188.5,1380,19498.75,19580.0,18627.5,390
2025-04-11,19187.75,19582.0,18978.5,19529.0,1020,19122.0,19582.0,18978.5,390
2025-04-13,19933.5,19958.5,19640.0,19765.0,360,,,,0
2025-04-14,19767.0,19964.5,19446.0,19622.25,1380,19940.5,19963.25,19446.0,390
2025-04-15,19623.75,19853.25,19344.75,19381.5,1380,19695.75,19853.25,19592.75,390
2025-04-16,19382.0,19569.75,18824.75,19243.0,1380,19292.75,19443.5,18824.75,390
2025-04-17,19242.75,19361.25,18970.0,19136.25,1020,19206.75,19234.5,18970.0,390
2025-04-20,19014.75,19092.0,18897.5,18929.25,360,,,,0
2025-04-21,18929.5,18965.25,18408.5,18690.0,1380,18837.75,18873.5,18408.5,390
2025-04-22,18689.5,19511.25,18680.25,19411.25,1380,18860.75,19222.5,18809.0,390
2025-04-23,19411.25,19874.0,19390.25,19466.0,1380,19657.5,19874.0,19438.25,390
2025-04-24,19465.25,20178.25,19303.25,20156.25,1380,19583.75,20046.75,19555.0,390
2025-04-25,20155.5,20297.5,19924.75,20263.25,1020,20011.0,20262.75,19942.25,390
2025-04-27,20233.0,20233.0,20100.75,20112.75,360,,,,0
2025-04-28,20111.75,20339.5,19965.75,20281.75,1380,20256.75,20331.5,19965.75,390
2025-04-29,20282.5,20397.0,20086.5,20231.75,1380,20135.5,20397.0,20112.25,390
2025-04-30,20231.25,20671.75,19812.25,20665.75,1380,20009.75,20424.25,19812.25,390
2025-05-01,20666.75,20834.25,20458.0,20686.5,1380,20679.5,20834.25,20566.25,390
2025-05-02,20686.75,20985.25,20572.5,20913.0,1020,20799.5,20985.25,20728.25,390
2025-05-04,20890.0,20910.25,20700.0,20765.25,360,,,,0
2025-05-05,20765.0,20900.0,20640.75,20696.5,1380,20719.25,20900.0,20693.75,390
2025-05-06,20695.75,20842.25,20447.5,20710.5,1380,20504.0,20734.75,20447.5,390
2025-05-07,20710.5,20878.5,20387.25,20872.5,1380,20607.5,20762.0,20387.25,390
2025-05-08,20873.25,21045.75,20687.5,20893.0,1380,20871.5,21045.75,20687.5,390
2025-05-09,20894.0,20997.25,20766.5,20855.0,1020,20935.5,20988.25,20766.5,390
2025-05-11,21107.0,21255.75,21085.25,21234.5,360,,,,0
2025-05-12,21234.0,21704.5,21229.0,21552.75,1380,21627.5,21662.75,21398.5,390
2025-05-13,21552.75,22055.0,21526.5,21995.75,1380,21713.0,22055.0,21681.25,390
2025-05-14,21996.75,22128.0,21946.75,22087.5,1380,22023.0,22128.0,21982.25,390
2025-05-15,22087.5,22238.25,21900.5,22115.0,1380,22011.5,22238.25,21956.25,390
2025-05-16,22114.0,22220.5,22028.75,22108.75,1020,22176.5,22220.5,22028.75,390
2025-05-18,22019.25,22126.5,21904.5,21920.75,360,,,,0
2025-05-19,21920.5,22270.75,21821.0,22142.5,1380,21911.75,22253.0,21910.75,390
2025-05-20,22143.25,22195.5,22006.5,22085.75,1380,22121.25,22182.75,22006.5,390
2025-05-21,22086.5,22267.0,21781.25,21874.5,1380,21987.25,22267.0,21781.25,390
2025-05-22,21874.0,22046.0,21748.5,21899.25,1380,21879.75,22046.0,21822.25,390
2025-05-23,21899.0,21939.5,21435.5,21661.75,1020,21558.5,21791.5,21531.0,390
2025-05-25,21686.5,21942.0,21662.75,21922.0,360,,,,0
2025-05-26,21921.0,22016.25,21850.0,21861.25,1140,21968.5,22016.25,21924.0,210
2025-05-27,21860.5,22197.0,21853.5,22153.25,1380,21968.0,22197.0,21901.25,390
2025-05-28,22151.75,22542.0,22029.75,22491.25,1380,22213.75,22276.0,22057.5,390
2025-05-29,22491.0,22567.25,21977.0,22054.5,1380,22382.25,22388.25,22009.5,390
2025-05-30,22054.25,22142.0,21780.0,22077.5,1020,22090.5,22142.0,21780.0,390
2025-06-01,22012.25,22057.0,21935.0,21940.0,360,,,,0
2025-06-02,21940.0,22284.75,21871.5,22170.25,1380,21996.5,22252.25,21943.25,390
2025-06-03,22170.0,22468.25,22107.75,22388.5,1380,22255.5,22468.25,22218.25,390
2025-06-04,22388.0,22511.5,22349.5,22458.75,1380,22434.25,22511.5,22349.5,390
2025-06-05,22459.5,22643.5,22179.5,22318.25,1380,22520.5,22643.5,22212.0,390
2025-06-06,22318.5,22582.0,22310.0,22518.0,1020,22506.5,22582.0,22430.5,390
2025-06-08,22507.75,22529.25,22424.5,22452.0,360,,,,0
2025-06-09,22452.5,22681.75,22437.5,22647.75,1380,22506.0,22599.25,22459.25,390
2025-06-10,22647.5,22711.25,22440.5,22616.25,1380,22544.75,22700.75,22451.25,390
2025-06-11,22614.75,22814.5,22462.5,22517.5,1380,22725.75,22774.75,22499.25,390
2025-06-12,22517.75,22685.75,22179.5,22281.5,1380,22536.75,22685.75,22527.0,390
2025-06-13,22282.5,22563.25,22222.0,22360.5,1020,22388.25,22563.25,22308.75,390
2025-06-15,22266.5,22432.0,22220.0,22402.75,360,,,,0
2025-06-16,22402.0,22716.0,22382.25,22573.5,1378,22508.5,22716.0,22508.0,390
2025-06-17,22573.75,22629.0,22356.25,22464.0,1380,22558.0,22629.0,22403.5,390
2025-06-18,22463.75,22591.75,22284.0,22377.0,1380,22487.0,22591.75,22376.25,390
2025-06-19,22376.75,22424.25,22144.25,22394.75,1140,22278.5,22280.75,22144.25,210
2025-06-20,22394.25,22624.5,22259.0,22368.0,1020,22568.75,22624.5,22259.0,390
2025-06-22,22142.25,22281.0,22060.75,22260.75,360,,,,0
2025-06-23,22260.75,22765.5,22232.25,22740.5,1380,22363.25,22587.0,22232.25,390
2025-06-24,22739.5,22942.25,22714.25,22900.75,1380,22780.25,22942.25,22754.0,390
2025-06-25,22900.25,23042.25,22882.5,22988.75,1380,22993.25,23042.25,22882.5,390
2025-06-26,22989.25,23207.5,22970.0,23187.25,1380,23046.25,23188.0,22970.0,390
2025-06-27,23187.5,23319.5,23094.0,23234.25,1020,23201.5,23319.5,23094.0,390
2025-06-29,23245.5,23374.5,23245.5,23367.25,360,,,,0
2025-06-30,23367.0,23428.75,23275.0,23366.75,1380,23365.75,23428.75,23275.0,390
2025-07-01,23367.0,23372.0,23088.5,23233.5,1380,23296.25,23342.25,23088.5,390
2025-07-02,23233.5,23376.0,23076.0,23356.0,1380,23148.25,23348.0,23145.25,390
2025-07-03,23356.25,23596.5,23324.0,23503.75,1154,23426.0,23596.5,23424.25,225
2025-07-04,23503.0,23509.25,23376.0,23400.75,780,23412.0,23439.5,23382.0,210
2025-07-06,23464.0,23522.5,23408.5,23469.0,360,,,,0
2025-07-07,23468.25,23495.75,23273.75,23409.75,1380,23437.25,23471.5,23273.75,390
2025-07-08,23409.25,23466.75,23335.0,23368.25,1378,23429.5,23456.75,23335.0,390
2025-07-09,23368.5,23606.0,23337.5,23491.5,1380,23472.75,23606.0,23413.75,390
2025-07-10,23490.75,23584.0,23325.5,23461.75,1380,23566.25,23584.0,23395.25,390
2025-07-11,23462.25,23515.5,23346.0,23432.0,1020,23408.75,23515.5,23357.0,390
2025-07-13,23354.75,23384.5,23297.0,23368.25,360,,,,0
2025-07-14,23368.25,23667.75,23298.25,23588.25,1380,23437.25,23560.5,23336.25,390
2025-07-15,23588.0,23716.75,23467.75,23509.25,1380,23694.25,23716.75,23544.0,390
2025-07-16,23510.25,23594.0,23329.5,23532.5,1380,23568.25,23594.0,23329.5,390
2025-07-17,23533.0,23782.75,23521.0,23769.5,1380,23594.25,23773.75,23559.75,390
2025-07-18,23769.75,23814.75,23663.5,23722.5,1020,23794.75,23804.0,23663.5,390
2025-07-20,23726.5,23771.25,23697.75,23740.5,360,,,,0
2025-07-21,23741.0,23918.75,23717.75,23823.0,1380,23750.25,23918.75,23749.25,390
2025-07-22,23823.0,23843.75,23602.0,23732.25,1380,23840.0,23843.75,23602.0,390
2025-07-23,23732.25,23916.75,23640.75,23873.0,1380,23755.5,23818.75,23640.75,390
2025-07-24,23873.0,23935.75,23792.25,23922.25,1380,23868.0,23918.5,23792.25,390
2025-07-25,23922.5,23970.0,23824.75,23941.75,1020,23854.0,23970.0,23824.75,390
2025-07-27,24014.0,24060.5,23998.0,24042.5,360,,,,0
2025-07-28,24043.25,24079.25,23930.75,24037.25,1380,23966.75,24023.0,23930.75,390
2025-07-29,24037.75,24146.5,23915.25,23992.5,1379,24089.5,24146.5,23915.25,390
2025-07-30,23993.0,24294.75,23850.5,24291.75,1380,23981.0,24083.5,23850.5,390
2025-07-31,24292.25,24339.0,23725.5,23798.5,1380,24241.25,24246.0,23799.5,390
2025-08-01,23798.5,23819.0,23269.0,23364.0,1020,23582.0,23589.75,23269.0,390
2025-08-03,23344.0,23482.5,23315.75,23481.5,360,,,,0
2025-08-04,23481.0,23868.5,23441.5,23836.5,1380,23588.25,23801.25,23582.75,390
2025-08-05,23836.0,23898.25,23539.5,23660.0,1380,23842.25,23891.25,23607.5,390
2025-08-06,23660.5,24005.25,23601.25,23984.0,1380,23662.75,23939.25,23642.5,390
2025-08-07,23983.75,24165.0,23823.0,24047.75,1380,24095.0,24165.0,23823.0,390
2025-08-08,24047.0,24261.75,23997.0,24259.5,1020,24035.75,24218.0,24024.0,390
2025-08-10,24258.0,24267.0,24195.0,24248.75,360,,,,0
2025-08-11,24248.75,24298.5,24081.5,24151.5,1380,24209.75,24298.5,24081.5,390
2025-08-12,24150.0,24464.0,24090.0,24436.5,1380,24227.0,24444.0,24116.0,390
2025-08-13,24436.25,24562.5,24380.0,24420.0,1380,24538.5,24562.5,24380.0,390
2025-08-14,24420.0,24501.75,24287.25,24423.0,1379,24352.25,24501.75,24335.25,390
2025-08-15,24423.25,24457.0,24228.5,24290.75,1020,24403.0,24405.0,24228.5,390
2025-08-17,24289.0,24375.75,24289.0,24351.75,360,,,,0
2025-08-18,24351.25,24354.0,24213.0,24247.75,1380,24262.25,24318.25,24213.0,390
2025-08-19,24248.25,24298.75,23830.5,23839.25,1380,24256.0,24264.5,23920.0,390
2025-08-20,23838.5,23946.0,23529.0,23836.0,1380,23920.25,23926.0,23529.0,390
2025-08-21,23835.5,23862.25,23613.0,23688.75,1380,23754.5,23842.25,23613.0,390
2025-08-22,23688.5,24144.0,23570.75,24076.75,1019,23758.5,24144.0,23699.5,390
2025-08-24,24096.0,24101.5,24014.5,24041.5,360,,,,0
2025-08-25,24041.5,24110.25,23865.5,23945.0,1380,23990.0,24110.25,23937.25,390
2025-08-26,23946.0,24123.0,23909.25,24107.5,1380,23964.75,24094.0,23921.0,390
2025-08-27,24107.25,24183.0,23928.75,24069.0,1380,24035.0,24151.5,23981.5,390
2025-08-28,24069.0,24297.75,24033.5,24222.5,1380,24134.25,24297.75,24066.5,390
2025-08-29,24222.25,24231.0,23891.5,23948.5,1018,24146.0,24162.0,23891.5,388
2025-08-31,23973.0,24046.5,23925.75,23936.25,360,,,,0
2025-09-01,23936.0,24003.5,23864.5,23932.25,1140,23970.0,24000.75,23935.75,210
2025-09-02,23931.75,23946.0,23519.25,23818.0,1380,23594.25,23784.25,23519.25,390
2025-09-03,23818.25,24026.0,23802.0,23963.0,1380,23917.5,24019.25,23812.25,390
2025-09-04,23963.25,24236.75,23904.0,24235.0,1380,23974.5,24174.25,23904.0,390
2025-09-05,24236.25,24396.0,23999.0,24167.25,1020,24369.0,24396.0,23999.0,390
2025-09-07,24167.5,24285.25,24144.25,24248.25,360,,,,0
2025-09-08,24248.0,24382.0,24218.5,24333.5,1380,24278.25,24382.0,24254.0,390
2025-09-09,24333.5,24415.25,24220.0,24411.75,1380,24329.5,24384.0,24220.0,390
2025-09-10,24411.75,24538.25,24279.0,24407.5,1379,24492.5,24494.5,24279.0,390
2025-09-11,24407.0,24540.0,24332.0,24502.75,1380,24471.25,24540.0,24403.75,390
2025-09-12,24502.5,24653.0,24463.0,24609.25,1020,24534.25,24653.0,24495.5,390
2025-09-14,24609.5,24641.25,24586.0,24616.75,359,,,,0
2025-09-15,24616.0,24846.0,24574.25,24841.75,1376,24675.0,24813.25,24669.25,390
2025-09-16,24841.25,24903.75,24755.75,24774.5,1380,24844.75,24857.0,24755.75,390
2025-09-17,24775.5,24901.5,24498.5,24892.25,1380,24777.5,24807.25,24498.5,390
2025-09-18,24892.25,25072.5,24843.0,24968.5,1380,24936.0,25072.5,24855.25,390
2025-09-19,24969.5,25144.5,24911.5,25117.5,1020,25024.75,25144.5,24964.5,390
2025-09-21,25106.5,25132.5,25083.25,25115.5,360,,,,0
2025-09-22,25114.75,25283.75,25005.25,25259.0,1379,25072.0,25283.75,25070.75,390
2025-09-23,25259.5,25282.5,25037.0,25093.75,1380,25257.5,25266.25,25037.0,390
2025-09-24,25094.0,25170.0,24883.5,25041.75,1380,25141.75,25155.75,24883.5,390
2025-09-25,25041.5,25045.0,24679.0,24850.5,1380,24832.75,24953.25,24679.0,390
2025-09-26,24850.5,25004.0,24776.5,24983.0,1020,24910.75,24993.5,24776.5,390
2025-09-28,24983.0,25074.5,24978.25,25071.0,360,,,,0
2025-09-29,25071.5,25232.0,25037.0,25099.25,1380,25107.25,25232.0,25037.0,390
2025-09-30,25099.25,25170.25,24978.75,25028.0,1380,25077.0,25170.25,24978.75,390
2025-10-01,25028.75,25333.0,24889.75,25320.5,1380,25019.5,25293.25,24982.5,390
2025-10-02,25320.75,25436.5,25250.25,25427.0,1380,25421.75,25425.5,25250.25,390
2025-10-03,25425.75,25453.0,25179.75,25238.5,1020,25390.0,25424.5,25179.75,390
2025-10-05,25256.5,25355.5,25251.5,25345.5,360,,,,0
2025-10-06,25345.5,25509.25,25302.0,25415.75,1380,25470.75,25509.25,25365.0,390
2025-10-07,25415.5,25531.5,25241.25,25343.25,1380,25493.5,25521.25,25241.25,390
2025-10-08,25343.5,25650.5,25282.75,25583.25,1380,25336.25,25600.75,25330.5,390
2025-10-09,25583.5,25624.25,25417.25,25573.5,1379,25585.5,25591.25,25417.25,390
2025-10-10,25573.75,25644.5,24415.0,24444.5,1020,25570.0,25644.5,24640.75,390
2025-10-12,24798.5,25112.0,24798.5,25034.0,360,,,,0
2025-10-13,25034.5,25300.75,24981.0,25168.0,1380,25081.25,25221.5,24981.0,390
2025-10-14,25169.0,25204.0,24677.5,25065.5,1380,24895.25,25204.0,24677.5,390
2025-10-15,25065.75,25371.5,24919.75,25172.0,1380,25259.0,25371.5,24919.75,390
2025-10-16,25171.75,25436.0,24900.0,24988.75,1380,25301.75,25436.0,24900.0,390
2025-10-17,24988.75,25312.25,24666.5,25290.0,1020,24992.75,25312.25,24929.0,390
2025-10-19,25322.25,25355.75,25212.25,25351.75,360,,,,0
2025-10-20,25352.25,25624.5,25294.5,25585.25,1380,25374.75,25611.0,25371.25,390
2025-10-21,25585.75,25605.0,25459.75,25547.25,1380,25557.5,25605.0,25459.75,390
2025-10-22,25547.25,25594.75,25061.25,25342.75,1380,25522.0,25545.75,25061.25,390
2025-10-23,25343.0,25586.5,25193.5,25585.5,1380,25272.75,25544.5,25255.5,390
2025-10-24,25585.0,25827.25,25576.25,25766.75,1020,25723.0,25827.25,25686.25,390
2025-10-26,25980.0,26029.5,25956.5,26017.75,360,,,,0
2025-10-27,26017.25,26275.25,26009.5,26239.0,1380,26072.25,26237.75,26053.0,390
2025-10-28,26237.75,26509.25,26199.5,26501.0,1380,26308.0,26488.0,26262.5,390
2025-10-29,26500.75,26655.5,26305.75,26634.25,1380,26522.5,26583.0,26305.75,390
2025-10-30,26633.75,26639.25,26109.5,26447.5,1380,26381.75,26439.0,26125.5,390
2025-10-31,26449.0,26530.5,26145.25,26239.5,1020,26455.75,26456.0,26145.25,390
2025-11-02,26284.75,26379.5,26269.25,26341.75,360,,,,0
2025-11-03,26341.5,26522.5,26162.0,26179.25,1380,26492.25,26522.5,26272.0,390
2025-11-04,26181.25,26183.5,25538.5,25721.75,1380,25998.5,26150.0,25800.5,390
2025-11-05,25722.25,26136.5,25660.5,25996.0,1380,25798.75,26136.5,25744.5,390
2025-11-06,25995.0,26078.75,25418.5,25506.75,1380,25930.5,25942.25,25454.25,390
2025-11-07,25505.0,25611.25,24965.75,25483.25,1020,25367.0,25429.5,24965.75,390
2025-11-09,25577.25,25745.5,25525.5,25722.25,360,,,,0
2025-11-10,25723.25,26025.25,25708.5,25946.5,1380,25795.25,26017.0,25708.5,390
2025-11-11,25947.25,26018.0,25735.0,25972.5,1380,25861.5,25952.75,25735.0,390
2025-11-12,25972.0,26086.5,25745.25,25945.25,1380,26035.0,26037.25,25745.25,390
2025-11-13,25945.0,25978.0,25259.0,25292.5,1380,25733.75,25758.5,25259.0,390
2025-11-14,25292.25,25549.75,24882.5,25404.0,1020,24980.0,25549.75,24882.5,390
2025-11-16,25398.75,25541.25,25278.5,25531.75,360,,,,0
2025-11-17,25531.75,25617.75,24863.5,24986.75,1380,25254.25,25510.5,24988.25,390
2025-11-18,24988.25,25116.0,24632.75,24778.5,1380,24974.75,25088.5,24632.75,390
2025-11-19,24779.75,25452.5,24701.5,25443.5,1380,24868.0,25244.5,24763.5,390
2025-11-20,25442.5,25566.5,24274.5,24428.25,1380,25467.25,25566.5,24354.5,390
2025-11-21,24426.75,24852.75,24161.0,24605.5,1020,24460.0,24852.75,24183.75,390
2025-11-23,24712.25,24811.75,24660.5,24711.5,360,,,,0
2025-11-24,24708.5,25250.0,24618.25,25191.75,1380,24778.75,25250.0,24773.25,390
2025-11-25,25191.75,25453.0,24858.5,25425.25,1380,25113.25,25391.75,24858.5,390
2025-11-26,25425.0,25632.5,25375.0,25581.5,1380,25478.75,25632.5,25390.25,390
2025-11-27,25581.25,25624.5,25542.25,25604.25,1003,25558.0,25574.25,25542.25,210
2025-11-28,25625.0,25756.25,25587.5,25741.0,285,25614.5,25756.25,25587.5,225
2025-11-30,25739.0,25802.5,25483.75,25487.25,360,,,,0
2025-12-01,25487.5,25752.25,25449.75,25628.5,1380,25511.5,25752.25,25465.75,390
2025-12-02,25629.25,25933.5,25581.25,25916.0,1380,25749.25,25926.5,25671.0,390
2025-12-03,25915.75,25941.75,25678.0,25896.25,1380,25751.5,25941.75,25686.5,390
2025-12-04,25896.5,25989.0,25745.25,25969.0,1380,25968.5,25969.5,25745.25,390
2025-12-05,25968.5,26124.5,25836.25,25991.5,1020,25936.5,26124.5,25907.75,390
2025-12-07,26006.5,26059.75,25956.75,26055.0,360,,,,0
2025-12-08,26054.75,26117.25,25821.25,25943.0,1380,26047.5,26117.25,25821.25,390
2025-12-09,25944.5,25992.25,25816.5,25950.25,1380,25875.0,25992.25,25816.5,390
2025-12-10,25950.25,26127.25,25639.5,25766.0,1380,25903.75,26127.25,25785.25,390
2025-12-11,25764.25,26118.0,25646.75,25919.5,1192,25900.5,25979.25,25646.75,390
