week,week_start,P0,Lstar,first_tag,unique,success,foil_success,U,success_fri,dual,agg
2023-W03,2023-01-16,14246.25,PWH,PMH,True,False,False,PWL,False,False,FULL_ET_CALENDAR
2023-W05,2023-01-30,14738.0,PWH,PMH,True,False,False,PML,False,False,FULL_ET_CALENDAR
2023-W06,2023-02-06,15164.0,PMH,PMH,True,True,False,PML,True,False,FULL_ET_CALENDAR
2023-W07,2023-02-13,15057.0,PMH,PMH,True,True,True,PMH,True,False,FULL_ET_CALENDAR
2023-W08,2023-02-20,15048.25,PMH,PMH,True,True,False,PWH,True,False,FULL_ET_CALENDAR
2023-W09,2023-02-27,14786.0,PMH,PWL,True,False,False,PMH,True,False,FULL_ET_CALENDAR
2023-W10,2023-03-06,15015.75,PWH,PWH,True,True,False,PML,True,False,FULL_ET_CALENDAR
2023-W12,2023-03-20,15147.75,PWH,PWH,True,True,False,PWL,True,False,FULL_ET_CALENDAR
2023-W15,2023-04-10,15568.5,PWL,PWL,True,True,False,PML,False,False,FULL_ET_CALENDAR
2023-W16,2023-04-17,15687.25,PWH,PWH,True,True,False,PML,True,False,FULL_ET_CALENDAR
2023-W17,2023-04-24,15602.25,PWL,PWL,True,True,True,PWL,True,False,FULL_ET_CALENDAR
2023-W19,2023-05-08,15825.75,PMH,PMH,True,True,False,PML,True,False,FULL_ET_CALENDAR
2023-W20,2023-05-15,15941.25,PMH,PMH,True,True,False,PML,True,False,FULL_ET_CALENDAR
2023-W22,2023-05-29,16903.0,PWH,PMH,True,False,True,PMH,False,False,FULL_ET_CALENDAR
2023-W25,2023-06-19,17599.25,PWH,PMH,True,False,True,PMH,False,False,FULL_ET_CALENDAR
2023-W27,2023-07-03,17703.5,PWH,PWH,True,True,False,PML,True,False,FULL_ET_CALENDAR
2023-W28,2023-07-10,17516.75,PWL,PWL,True,True,True,PWL,True,False,FULL_ET_CALENDAR
2023-W31,2023-07-31,18208.25,PWH,PMH,True,False,True,PMH,False,False,FULL_ET_CALENDAR
2023-W32,2023-08-07,17781.75,PWL,PWL,True,True,False,PML,True,False,FULL_ET_CALENDAR
2023-W33,2023-08-14,17416.5,PML,PML,True,True,True,PML,True,False,FULL_ET_CALENDAR
2023-W34,2023-08-21,17157.0,PWL,PML,True,False,True,PML,False,False,FULL_ET_CALENDAR
2023-W35,2023-08-28,17445.75,PML,PML,True,True,False,PMH,True,False,FULL_ET_CALENDAR
2023-W38,2023-09-18,17507.25,PWL,PWL,True,True,False,PMH,True,False,FULL_ET_CALENDAR
2023-W40,2023-10-02,17024.75,PWH,PWH,True,True,False,PML,True,False,FULL_ET_CALENDAR
2023-W41,2023-10-09,17163.5,PWH,PWH,True,True,False,PML,True,False,FULL_ET_CALENDAR
2023-W42,2023-10-16,17327.0,PWL,PWL,True,True,True,PWL,True,False,FULL_ET_CALENDAR
2023-W44,2023-10-30,16516.75,PML,PML,True,True,False,PWH,False,False,FULL_ET_CALENDAR
2023-W45,2023-11-06,17355.0,PWH,PWH,True,True,False,PWL,True,False,FULL_ET_CALENDAR
2023-W46,2023-11-13,17680.75,PMH,PMH,True,True,True,PMH,True,False,FULL_ET_CALENDAR
2023-W48,2023-11-27,18149.75,PWL,PMH,True,False,False,PWH,False,False,FULL_ET_CALENDAR
2023-W49,2023-12-04,18013.5,PWL,PWL,True,True,True,PWL,True,False,FULL_ET_CALENDAR
2023-W52,2023-12-25,18950.75,PWH,PMH,True,False,False,PWL,False,False,FULL_ET_CALENDAR
2024-W01,2024-01-01,18803.25,PWL,PWL,True,True,False,PML,True,False,FULL_ET_CALENDAR
2024-W02,2024-01-08,18453.25,PWL,PWH,True,False,True,PWH,False,False,FULL_ET_CALENDAR
2024-W05,2024-01-29,19489.25,PWL,PMH,True,False,False,PWH,False,False,FULL_ET_CALENDAR
2024-W08,2024-02-19,19730.5,PMH,PMH,True,True,False,PWH,True,False,FULL_ET_CALENDAR
2024-W09,2024-02-26,19958.5,PWH,PMH,True,False,False,PWH,True,False,FULL_ET_CALENDAR
2024-W11,2024-03-11,19918.75,PWL,PMH,True,False,False,PML,True,False,FULL_ET_CALENDAR
2024-W13,2024-03-25,20153.0,PMH,PMH,True,True,False,PWL,False,False,FULL_ET_CALENDAR
2024-W14,2024-04-01,20194.25,PWH,PWL,True,False,False,PWH,False,False,FULL_ET_CALENDAR
2024-W17,2024-04-22,18982.5,PWL,PML,True,False,True,PML,False,False,FULL_ET_CALENDAR
2024-W19,2024-05-06,19768.0,PWH,PWH,True,True,True,PWH,True,False,FULL_ET_CALENDAR
2024-W20,2024-05-13,20025.5,PWH,PWH,True,True,False,PWL,True,False,FULL_ET_CALENDAR
2024-W22,2024-05-27,20572.75,PWH,PMH,True,False,False,PWH,False,False,FULL_ET_CALENDAR
2024-W24,2024-06-10,20682.5,PMH,PMH,True,True,True,PMH,True,False,FULL_ET_CALENDAR
2024-W29,2024-07-15,22043.0,PMH,PMH,True,True,False,PWL,True,False,FULL_ET_CALENDAR
2024-W30,2024-07-22,21387.75,PWL,PWL,True,True,False,PWH,True,False,FULL_ET_CALENDAR
2024-W31,2024-07-29,20718.0,PWL,PWL,True,True,True,PWL,True,False,FULL_ET_CALENDAR
2024-W34,2024-08-19,21037.5,PWH,PWH,True,True,True,PWH,True,False,FULL_ET_CALENDAR
2024-W35,2024-08-26,21196.0,PWL,PWL,True,True,False,PWH,True,False,FULL_ET_CALENDAR
2024-W36,2024-09-02,21051.75,PWH,PWL,True,False,False,PML,False,False,FULL_ET_CALENDAR
2024-W38,2024-09-16,20868.75,PWH,PWH,True,True,False,PWL,True,False,FULL_ET_CALENDAR
2024-W39,2024-09-23,21275.25,PWH,PWH,True,True,True,PWH,True,False,FULL_ET_CALENDAR
2024-W40,2024-09-30,21377.5,PMH,PMH,True,True,False,PWL,True,False,FULL_ET_CALENDAR
2024-W41,2024-10-07,21335.0,PWH,PWH,True,True,False,PML,True,False,FULL_ET_CALENDAR
2024-W43,2024-10-21,21625.75,PMH,PMH,True,True,True,PMH,True,False,FULL_ET_CALENDAR
2024-W44,2024-10-28,21823.25,PWH,PMH,True,False,True,PMH,True,False,FULL_ET_CALENDAR
2024-W49,2024-12-02,22240.75,PWH,PWH,True,True,False,PWL,True,False,FULL_ET_CALENDAR
2024-W52,2024-12-23,22531.5,PMH,PMH,True,True,False,PML,True,False,FULL_ET_CALENDAR
2025-W02,2025-01-06,22644.75,PWH,PWH,True,True,False,PML,True,False,FULL_ET_CALENDAR
2025-W04,2025-01-20,22635.75,PWH,PWH,True,True,False,PWL,True,False,FULL_ET_CALENDAR
2025-W06,2025-02-03,22127.5,PWL,PWH,True,False,False,PMH,False,False,FULL_ET_CALENDAR
2025-W09,2025-02-24,22664.5,PWL,PWL,True,True,True,PWL,True,False,FULL_ET_CALENDAR
2025-W12,2025-03-17,20619.5,PWH,PML,True,False,False,PWH,False,False,FULL_ET_CALENDAR
2025-W15,2025-04-07,17633.5,PWL,PML,True,False,False,PWL,False,False,FULL_ET_CALENDAR
2025-W16,2025-04-14,19940.5,PWH,PML,True,False,False,PWH,True,False,FULL_ET_CALENDAR
2025-W18,2025-04-28,20256.75,PWH,PWH,True,True,False,PWL,True,False,FULL_ET_CALENDAR
2025-W19,2025-05-05,20719.25,PMH,PMH,True,True,True,PMH,True,False,FULL_ET_CALENDAR
2025-W22,2025-05-26,21968.5,PWH,PMH,True,False,False,PML,False,False,FULL_ET_CALENDAR
2025-W25,2025-06-16,22508.5,PMH,PMH,True,True,False,PWL,True,False,FULL_ET_CALENDAR
2025-W28,2025-07-07,23437.25,PMH,PMH,True,True,False,PML,True,False,FULL_ET_CALENDAR
2025-W33,2025-08-11,24209.75,PWH,PWH,True,True,False,PML,True,False,FULL_ET_CALENDAR
2025-W34,2025-08-18,24262.25,PMH,PMH,True,True,False,PML,True,False,FULL_ET_CALENDAR
2025-W36,2025-09-01,23970.0,PWL,PWL,True,True,False,PMH,True,False,FULL_ET_CALENDAR
2025-W37,2025-09-08,24278.25,PWH,PWH,True,True,False,PWL,True,False,FULL_ET_CALENDAR
2025-W40,2025-09-29,25107.25,PWH,PMH,True,False,False,PWL,False,False,FULL_ET_CALENDAR
2025-W42,2025-10-13,25081.25,PMH,PMH,True,True,True,PMH,True,False,FULL_ET_CALENDAR
2025-W45,2025-11-03,26492.25,PWH,PWL,True,False,False,PMH,False,False,FULL_ET_CALENDAR
2025-W46,2025-11-10,25795.25,PWH,PWL,True,False,False,PML,True,False,FULL_ET_CALENDAR
2025-W47,2025-11-17,25254.25,PWL,PWL,True,True,False,PWH,False,False,FULL_ET_CALENDAR
2025-W48,2025-11-24,24778.75,PML,PWH,True,False,False,PML,False,False,FULL_ET_CALENDAR
2025-W49,2025-12-01,25511.5,PWH,PWH,True,True,False,PML,True,False,FULL_ET_CALENDAR
2025-W50,2025-12-08,26047.5,PWH,PWH,True,True,False,PML,True,False,FULL_ET_CALENDAR
